tenure_months,monthly_charges,total_charges,num_support_tickets,avg_session_minutes,logins_last_30d,discount_pct,account_age_days,churned
14.95,82.41,4517.45,7,33.65,38,12.76,849,0
22.83,81.39,4577.31,11,34.68,23,13.86,784,0
39.16,92.82,6316.04,7,42.84,26,17.84,1411,0
21.39,79.57,5599.07,6,30.05,37,19.05,991,0
54.81,68.59,4654.47,9,27.87,35,22.81,1317,1
26.01,93.75,4515.54,8,58.41,19,9.4,1163,0
32.38,59.39,3013.83,8,42.42,8,20.86,1276,0
26.31,83.23,5133.41,8,36.33,27,15.95,1448,0
31.7,92.48,5370.03,7,61.23,23,13.7,1099,0
17.75,63.47,1945.38,9,42.03,30,11.69,1537,0
13.67,82.0,4721.43,6,35.65,28,14.77,1187,0
45.03,44.71,3434.5,6,51.68,18,30.43,1138,0
52.19,65.99,3599.68,7,64.67,38,20.07,686,1
32.49,85.57,5558.98,9,53.8,21,17.03,1522,0
29.52,92.77,4580.41,9,60.37,51,7.87,1483,1
30.32,65.72,4669.36,5,29.79,25,23.82,1017,0
33.83,85.34,4853.87,12,69.37,19,13.75,1420,0
33.66,85.12,5532.38,11,49.33,21,16.84,826,0
18.45,89.63,3215.52,9,54.35,27,4.77,798,0
32.45,87.48,4988.68,10,62.9,23,13.8,1486,0
32.68,97.28,4451.21,9,50.37,23,7.64,975,0
35.79,94.24,4898.7,9,39.87,11,11.51,309,0
23.51,92.84,6076.8,4,29.26,13,17.27,787,0
42.02,49.86,2604.13,6,42.84,21,24.52,776,0
25.19,87.66,4931.64,8,56.68,30,13.14,1591,0
35.36,89.51,6695.58,7,47.52,17,21.01,1059,0
28.46,58.31,4269.77,7,43.69,21,25.2,1185,0
21.96,72.4,4377.08,7,41.92,9,19.42,794,0
42.26,85.1,5612.46,11,52.2,27,17.52,460,1
25.71,92.79,6177.88,9,55.9,51,13.56,1366,1
41.82,99.73,4676.86,12,19.91,11,7.97,1256,0
35.63,82.31,6139.03,7,51.65,42,20.72,486,1
27.64,88.58,5644.84,6,42.06,33,15.98,1081,0
33.35,91.85,6089.41,6,59.29,21,17.42,914,0
21.0,81.35,4070.52,11,57.31,13,12.34,1657,0
31.72,82.02,5284.3,12,20.91,15,16.98,1162,0
19.0,64.4,4056.54,10,31.72,29,19.25,1047,0
72.0,89.52,4074.82,4,33.89,39,14.04,588,1
32.6,85.1,3665.59,8,51.7,44,8.95,1186,1
44.34,63.8,4078.22,9,35.68,26,22.33,449,1
10.18,82.57,6090.53,11,45.58,35,16.92,879,0
54.93,58.58,4303.37,8,29.43,38,26.04,1588,1
35.84,87.48,5725.4,9,58.98,25,17.08,1219,0
33.02,51.89,3632.42,10,46.08,25,24.85,1563,0
14.6,87.41,5795.62,3,48.43,24,17.45,1178,0
26.03,88.64,4015.93,7,65.48,39,8.92,1523,1
27.5,88.09,4603.03,9,48.3,25,11.84,454,0
37.19,50.08,2933.57,8,51.23,21,24.6,811,0
18.21,84.63,5211.03,6,35.22,23,15.94,1733,0
28.07,48.77,3315.47,9,34.08,35,24.33,835,0
31.31,88.35,5812.1,7,44.23,30,16.97,792,0
31.28,88.61,5242.56,6,41.81,46,13.8,1129,1
12.21,86.86,4093.13,7,72.02,20,9.97,948,0
36.66,96.67,5192.87,9,30.16,19,11.06,805,0
51.8,31.29,2152.14,6,45.43,8,33.01,1266,0
66.26,72.81,5323.87,9,46.03,35,24.47,960,1
26.51,56.99,2991.88,9,26.47,16,20.49,653,0
41.74,63.32,2989.76,9,27.37,24,18.26,1065,1
30.85,89.44,5730.64,8,43.6,22,16.34,1405,0
17.67,80.11,4591.43,7,39.97,24,15.06,960,0
18.73,86.44,4505.6,8,32.47,22,11.85,967,0
34.6,95.4,5241.54,8,70.48,29,11.46,1007,0
28.14,34.53,3147.76,12,24.84,38,29.1,1839,1
19.98,74.08,3613.84,6,43.52,16,15.35,966,0
33.3,78.98,3443.8,7,56.51,32,12.18,768,1
21.54,93.66,4978.32,9,54.71,40,9.18,1427,1
19.72,84.11,4315.55,10,44.0,29,11.23,1843,1
26.6,65.89,5256.0,9,25.91,24,24.59,881,0
31.38,85.8,4486.47,12,67.62,18,12.27,800,0
28.27,61.43,2815.86,7,62.86,17,18.47,884,0
26.22,65.51,3573.74,7,49.42,20,19.16,713,0
60.63,68.52,2865.66,5,45.05,43,17.48,1366,1
22.96,94.8,4015.62,8,43.81,45,5.16,1043,1
38.05,39.68,3103.39,10,63.39,21,29.27,1575,0
42.77,96.1,5066.23,11,37.9,17,11.03,1301,0
19.04,79.62,4428.9,10,36.73,19,14.29,980,0
30.05,79.13,4674.85,11,45.88,28,15.35,1517,0
24.11,82.42,3786.16,11,40.49,28,10.16,1177,0
41.09,76.23,4446.19,13,55.0,48,14.89,1068,1
39.32,46.52,2275.12,7,60.28,27,23.69,1057,0
23.75,54.19,2667.08,10,45.91,16,19.92,1196,0
22.88,97.83,5479.55,9,45.98,54,8.15,1265,1
27.41,88.66,5211.87,8,50.3,19,14.5,1253,0
23.04,73.96,3111.55,8,55.3,15,13.14,1075,1
20.35,80.56,4586.41,8,62.09,37,14.1,1198,0
31.24,59.45,3309.68,10,57.26,35,19.35,797,1
28.17,62.8,4143.72,8,27.93,37,21.28,533,0
34.28,50.87,4018.65,10,63.25,25,26.8,1554,0
27.07,62.82,3902.76,9,41.79,14,21.51,1292,0
25.59,84.99,5561.11,10,10.39,36,15.56,1132,1
62.15,87.66,3633.53,5,43.66,38,12.07,985,0
27.18,85.65,5443.54,7,50.79,28,16.4,674,0
27.72,49.72,2343.25,10,46.53,21,20.76,1169,0
25.32,74.87,5771.12,8,23.87,34,21.72,575,0
27.08,53.73,3169.1,8,46.68,26,22.24,694,0
8.32,73.83,2637.42,8,49.69,23,9.41,715,1
23.75,69.25,3553.3,8,29.29,24,16.59,1128,0
38.09,94.44,4508.9,11,47.52,22,9.0,526,0
31.72,70.35,4302.14,6,39.18,10,21.33,1156,0
33.16,93.15,5720.98,8,36.67,15,15.21,668,0
21.59,41.5,2050.69,10,63.11,40,21.63,1327,1
21.85,57.35,3491.73,12,73.28,26,20.16,1359,0
10.74,73.32,2995.53,9,36.74,19,11.18,748,0
20.42,66.9,2197.8,7,67.97,24,12.33,374,0
27.09,97.78,4505.83,8,39.93,10,8.19,746,0
14.55,66.6,1740.1,9,42.35,30,9.19,1603,0
28.07,61.05,2832.19,8,58.81,23,17.93,1235,0
23.92,59.22,4601.72,9,59.24,20,25.0,1416,0
29.91,52.21,3804.01,10,36.44,10,26.12,1511,0
25.71,52.25,3564.24,10,56.24,29,23.71,1018,0
31.3,86.74,3535.35,13,34.66,23,7.2,1036,0
30.81,89.93,5236.99,9,55.3,23,13.79,539,0
33.98,48.85,3953.56,9,59.94,22,28.08,949,0
18.96,92.94,4418.52,6,64.27,11,9.89,1524,0
66.79,68.03,1846.17,3,36.23,47,14.77,1077,1
64.05,71.48,4876.05,8,67.3,36,23.38,1215,1
22.88,81.58,4933.75,10,36.4,28,15.18,1367,0
66.04,59.65,3874.42,7,37.21,41,25.19,808,1
17.49,63.87,2988.48,10,27.75,25,15.58,1183,0
20.92,58.42,3483.93,10,45.8,51,18.39,1117,0
9.04,73.61,3301.0,11,52.3,26,10.98,1339,0
28.6,58.62,2718.76,8,29.27,22,18.8,1440,0
26.61,87.37,5589.84,10,49.76,43,14.07,1347,1
26.85,61.3,3181.22,9,19.13,17,19.19,936,0
35.95,100.79,5488.86,7,48.61,23,10.83,818,0
21.08,82.12,4334.57,9,39.3,29,12.6,384,0
32.41,41.6,2343.31,9,37.04,35,24.51,1259,0
27.37,59.67,3010.67,8,35.77,8,20.28,900,0
35.3,54.42,4638.62,7,39.88,24,28.98,839,0
23.24,57.45,2472.8,10,43.61,24,17.07,1063,0
45.68,94.22,7002.44,7,31.74,16,20.87,1018,0
29.2,91.88,3396.89,13,36.91,16,4.84,1329,0
17.1,87.91,5000.28,5,22.04,27,13.51,1332,1
27.23,62.43,3705.3,7,55.06,29,20.37,128,0
40.66,68.1,2580.71,7,27.48,39,14.27,1694,1
44.61,55.82,4763.31,11,31.53,34,27.39,1330,1
45.49,66.5,3441.17,8,29.58,37,18.41,1438,1
17.34,77.32,4725.32,9,11.22,36,15.59,395,0
21.99,65.3,3804.17,10,64.32,26,18.36,634,0
28.95,58.21,4027.1,10,42.31,14,23.83,629,0
27.35,55.95,3829.88,10,45.7,30,23.0,1821,0
37.01,67.37,4826.89,10,36.78,27,22.34,1127,1
24.58,89.35,4146.37,8,40.69,39,8.47,737,1
34.3,95.09,4631.86,10,56.17,13,9.86,981,0
30.43,58.94,4120.05,8,44.31,28,23.64,908,0
38.28,63.54,4332.77,4,62.57,0,26.53,1068,0
17.43,66.52,3468.32,10,54.36,29,15.99,948,0
31.98,77.59,3767.19,11,36.73,36,12.33,794,1
40.81,36.96,3189.31,10,47.69,25,30.89,1454,0
16.26,97.17,5476.55,7,33.7,41,9.39,394,1
26.88,54.79,3241.54,9,33.73,29,21.58,814,0
21.05,53.6,1996.84,9,21.72,24,17.08,1694,0
38.81,44.21,2636.56,8,54.66,27,25.95,502,0
30.63,56.37,3116.59,9,46.03,24,21.16,1341,0
33.43,81.02,5498.04,10,43.76,34,17.97,872,0
36.02,43.78,4052.99,10,35.29,29,30.22,456,0
20.69,91.3,3505.15,10,66.38,16,5.75,1045,0
29.58,84.01,5030.14,11,46.35,24,14.79,698,0
27.55,51.01,2948.57,10,46.15,21,22.35,774,0
26.68,72.68,4236.68,5,37.65,20,19.01,987,0
26.29,83.47,4228.92,11,56.28,22,11.63,1352,0
31.92,50.87,2759.66,7,76.61,25,22.89,1298,0
35.46,91.64,4409.85,11,50.94,17,9.79,1021,0
26.42,63.05,4339.63,8,25.03,20,22.96,764,0
33.79,55.11,3679.7,8,49.18,17,24.93,690,0
20.24,90.35,4667.02,5,47.26,36,10.84,506,0
16.07,70.64,3452.46,10,43.68,31,13.75,937,0
33.18,89.52,5451.42,8,49.87,27,15.06,1072,0
24.38,35.05,3445.31,13,58.45,36,29.24,1124,1
13.59,83.28,4337.27,7,38.57,22,12.58,1180,0
53.45,71.55,3703.31,8,31.22,37,17.91,975,1
50.59,53.65,3759.06,9,38.37,39,25.59,1252,1
53.21,80.44,5483.46,10,36.57,30,20.21,1225,1
66.66,87.45,5990.18,9,59.2,30,20.49,1450,1
40.92,43.82,3439.9,10,32.15,39,27.78,1732,1
23.58,90.94,5310.2,5,54.36,26,13.96,1542,0
27.17,92.77,4388.93,9,34.13,17,9.21,271,0
27.44,49.6,3558.74,11,39.88,26,24.78,885,0
19.37,57.63,3643.8,11,46.41,33,20.31,1294,0
24.33,79.89,4888.03,9,50.24,33,15.61,550,0
30.15,74.16,4699.94,9,27.63,25,18.78,958,1
27.93,78.56,4563.54,5,39.48,25,17.28,1171,1
36.79,96.48,4761.4,11,21.62,12,9.57,1542,0
21.81,77.91,5800.49,7,46.83,33,20.73,1247,0
31.18,87.15,5411.08,9,20.88,26,15.55,1078,0
24.05,63.42,3873.35,9,49.54,6,21.21,1333,0
6.82,83.18,2919.09,8,58.49,26,6.0,1981,0
33.66,92.97,6282.08,5,81.54,29,17.68,1177,0
29.28,90.57,3576.32,12,33.01,17,6.47,962,0
48.01,92.76,5488.11,13,41.42,17,13.9,408,0
34.05,92.78,3740.6,10,50.69,39,5.47,1379,0
31.45,48.45,2999.92,9,21.1,21,24.47,995,0
21.34,86.94,3279.85,12,42.0,19,5.97,1444,0
37.12,57.43,4218.2,7,39.18,32,25.65,1354,0
42.45,47.8,2586.34,5,56.64,26,25.35,1809,0
7.93,78.21,4634.49,10,44.64,32,13.76,943,0
36.84,60.38,3540.12,5,25.55,14,23.41,1173,0
41.12,40.25,3082.43,9,42.56,26,29.04,1514,0
8.39,73.3,3535.92,10,49.64,25,12.26,1200,0
36.5,84.3,4376.45,10,61.93,50,11.48,1338,1
33.98,50.34,2497.19,7,41.17,22,22.53,1977,0
24.32,65.71,5350.17,8,35.23,25,24.87,1101,0
21.64,73.77,3953.6,6,51.62,24,16.43,1302,0
27.93,58.27,2839.37,9,33.44,22,19.11,1112,0
4.44,100.15,5928.13,6,20.89,31,9.89,652,1
23.4,61.05,5011.02,10,41.43,26,24.92,962,0
35.12,45.62,2727.83,9,39.57,23,25.21,727,0
36.8,87.35,4606.56,12,41.2,24,11.94,765,0
54.97,73.77,3160.42,5,14.49,40,15.87,1037,1
31.09,46.7,2864.42,10,49.63,25,24.05,525,0
33.69,88.14,6109.44,7,55.39,31,18.21,1629,0
21.39,60.06,2296.17,8,45.61,23,15.67,1001,0
33.22,79.4,4727.77,10,18.57,37,15.43,972,1
18.46,78.61,4735.11,7,34.8,43,15.2,1282,0
21.99,99.12,3784.34,7,38.46,18,4.2,955,0
33.13,63.95,3196.92,6,43.43,6,20.29,1054,0
20.46,85.03,4145.56,10,27.78,10,11.38,846,0
12.9,85.17,4671.97,6,51.75,29,12.7,969,0
15.23,105.55,6270.74,5,34.66,50,8.74,1189,1
21.35,44.88,4274.61,13,45.53,32,28.03,1224,1
29.42,40.58,2103.18,10,25.93,42,22.95,1163,1
28.31,55.95,3158.72,9,46.67,26,20.93,1224,0
25.26,55.47,2924.97,9,53.78,27,20.05,1591,0
43.16,44.21,2728.83,7,32.45,26,27.07,1015,0
25.75,88.75,4335.68,9,53.74,23,10.36,1424,0
26.78,58.65,2390.76,8,63.09,24,17.13,614,0
23.82,52.29,2840.62,10,47.44,44,19.49,1228,0
20.2,73.31,5409.76,9,59.45,10,22.09,1098,0
19.76,65.17,4144.41,9,67.92,20,20.03,939,0
31.0,63.31,2352.92,4,45.52,26,16.5,1076,0
21.99,84.82,5159.27,7,40.33,25,15.66,1110,0
13.62,79.45,4253.17,8,27.05,29,13.33,866,0
26.8,50.61,4365.13,12,2.6,23,27.01,424,0
35.87,57.28,3559.09,9,49.88,36,21.84,672,1
8.2,91.3,4945.33,6,47.0,19,11.17,847,0
26.58,70.84,4213.6,5,61.24,26,19.34,1196,0
36.77,97.7,5497.54,7,34.18,27,12.15,1295,0
22.2,55.8,1898.24,8,54.95,38,15.37,817,0
34.8,89.27,5050.3,9,24.94,29,13.39,1280,0
37.06,90.35,5905.17,7,40.53,39,16.1,542,0
34.42,81.72,4717.47,15,45.76,6,14.82,628,0
36.22,35.87,2739.63,11,25.75,41,27.98,1194,1
27.97,88.45,4835.08,9,27.05,21,12.79,1063,0
39.13,42.55,3546.82,7,47.1,30,30.08,122,0
23.26,62.43,3868.95,9,57.82,38,19.66,1205,0
28.82,54.79,4762.89,10,56.51,42,26.16,710,0
67.5,73.67,4896.29,8,47.76,37,22.85,1307,1
13.05,73.94,3144.52,9,46.63,31,11.08,925,0
30.23,59.85,3967.84,8,49.33,19,23.28,718,0
34.8,96.9,4587.07,10,40.36,20,8.25,697,0
24.58,78.02,4754.23,9,35.89,24,16.84,786,1
12.89,73.18,3867.69,9,49.46,29,14.28,1152,0
26.14,55.11,3320.26,11,25.63,35,20.58,1205,1
25.09,61.67,4154.24,8,34.13,23,22.39,1240,0
41.04,93.49,5095.73,11,59.11,20,12.04,1453,0
52.01,98.85,3028.91,5,37.03,36,3.89,1070,1
28.88,51.61,2138.63,8,56.56,33,19.05,1010,0
21.41,91.58,5295.04,7,31.46,39,11.78,1566,1
31.3,47.65,3430.92,10,62.25,16,26.59,697,0
48.68,42.07,3787.7,6,54.26,21,33.01,686,0
37.48,95.64,4776.81,10,41.92,23,9.79,636,0
13.67,80.36,3899.65,8,48.25,30,11.44,537,0
25.5,84.35,4378.67,9,35.19,31,11.93,891,0
30.91,85.79,6829.58,5,39.91,29,22.61,1096,0
23.46,91.92,5474.02,5,35.59,23,14.31,1111,0
27.85,89.47,5305.95,9,34.93,45,12.52,1379,1
41.12,41.51,2363.75,8,40.03,28,26.25,1230,0
24.7,66.05,3904.23,8,56.06,26,19.26,1022,0
29.07,61.13,3401.63,7,59.22,33,20.06,749,0
24.92,71.59,2088.23,5,55.9,12,11.77,1260,0
40.74,95.67,5860.2,9,9.72,20,14.57,1446,0
24.67,56.29,2556.15,9,32.3,28,18.03,733,0
17.73,69.74,4796.01,8,37.01,32,19.78,451,0
35.03,89.84,5079.7,10,36.06,22,13.23,1476,0
17.49,91.81,3398.75,8,35.18,24,5.09,644,0
19.79,102.91,5696.52,5,52.94,51,8.14,871,1
19.49,87.38,4241.25,9,68.14,16,10.63,1332,0
23.49,82.9,3785.42,12,26.14,17,10.12,514,0
24.34,83.69,4410.47,10,45.78,22,12.59,736,0
23.25,87.95,5392.61,6,42.85,27,15.37,756,0
35.08,97.77,6381.91,6,54.66,23,15.97,425,0
24.49,63.24,4066.76,8,42.54,12,21.99,1094,0
25.68,89.2,4908.3,8,39.3,42,11.39,1579,1
24.56,64.8,3797.89,7,52.45,33,19.3,890,0
41.05,97.78,5219.38,10,33.96,13,11.21,476,0
28.07,88.62,5612.79,6,56.21,26,16.34,1229,0
33.37,84.44,5871.26,8,41.23,30,18.73,1514,0
23.81,61.26,3459.92,8,31.8,38,18.93,1143,0
27.59,77.21,6340.09,10,45.24,32,22.38,1475,1
25.03,61.19,2871.65,8,33.69,16,18.17,870,0
29.36,85.08,5077.56,8,48.53,28,15.16,953,0
33.45,56.25,3886.49,7,43.22,26,24.83,1117,0
32.22,86.56,6312.74,8,36.02,31,19.46,961,0
20.68,60.33,4794.04,10,36.25,31,23.81,1656,0
39.55,79.72,4068.0,10,50.34,44,13.15,1238,1
37.23,86.95,5256.08,12,42.83,21,14.72,1074,0
60.31,68.91,3614.06,6,46.75,39,19.82,1353,1
18.75,84.87,5303.4,6,36.47,20,16.48,1727,0
28.96,84.29,4568.99,10,38.9,23,13.13,1137,0
45.42,57.34,3882.15,10,56.91,36,23.88,1156,1
25.83,53.21,2525.21,9,45.78,16,20.33,793,0
52.89,55.79,3294.32,8,52.81,40,23.27,1141,1
26.86,89.9,4404.8,9,54.37,18,10.43,1536,0
14.08,74.39,3730.16,9,23.82,27,13.26,601,0
34.32,91.21,6084.85,8,38.68,25,16.91,1008,0
33.49,87.72,4447.03,12,41.57,21,10.98,613,0
35.27,47.0,2205.35,8,29.76,35,21.89,1540,0
15.43,94.05,6258.18,7,39.53,37,14.05,1138,1
18.18,82.99,4781.68,8,29.36,30,14.12,1027,0
22.87,80.73,5110.26,8,43.18,28,16.91,944,0
13.45,64.09,3527.97,10,46.67,40,16.0,1249,0
7.94,112.9,5102.4,5,30.84,52,0.0,1531,1
24.96,56.4,2461.06,9,40.64,16,18.67,1481,0
33.56,51.71,2978.19,7,41.58,34,23.02,1233,0
33.13,41.11,3734.68,12,33.79,32,28.92,958,0
40.56,95.06,5581.0,9,40.7,29,13.29,1089,0
36.94,65.2,3658.48,9,38.45,35,18.82,1718,1
22.36,64.98,4154.36,10,50.43,18,20.29,1057,0
61.03,83.72,3807.87,6,38.14,37,14.14,1176,1
33.67,54.58,4179.79,7,21.9,21,27.11,473,0
52.57,50.24,4392.98,10,56.46,37,29.4,1365,1
29.82,93.49,4371.15,8,46.91,29,8.57,750,0
56.53,92.43,7175.34,11,51.18,27,21.47,1016,0
19.11,61.14,3142.58,10,51.6,24,17.46,1615,0
28.09,64.23,4901.89,8,44.05,11,25.31,786,0
26.12,86.26,4933.12,9,51.26,18,14.19,822,0
10.99,101.61,7026.03,6,35.71,43,12.85,591,1
23.87,49.5,2719.63,12,50.21,29,20.6,1219,0
27.64,83.94,6293.93,6,46.72,30,20.82,1473,0
34.94,81.87,4282.52,10,56.08,42,12.76,1036,1
40.34,97.65,4762.55,12,46.27,12,8.8,1114,0
45.42,41.69,2090.09,7,27.94,21,26.08,1204,0
42.8,82.5,4050.18,6,45.0,49,13.1,999,1
20.89,66.41,2475.72,7,53.04,39,12.79,632,0
32.81,88.17,4290.25,13,61.98,6,10.67,1726,0
33.18,56.2,3685.84,8,31.87,21,24.07,1085,0
34.03,44.37,1945.15,8,47.36,30,22.27,1023,0
33.27,44.86,1983.5,9,44.04,31,21.94,1218,0
20.28,83.44,4627.17,8,39.85,26,13.74,1169,0
11.44,77.95,3961.42,8,35.45,29,12.46,1818,0
26.57,83.43,4520.77,9,31.8,36,12.74,914,1
26.72,56.11,1418.5,8,37.93,41,13.7,163,1
42.08,40.06,4056.42,11,46.1,38,31.6,1074,1
20.04,86.41,6194.44,9,48.63,32,17.37,974,1
19.1,83.54,5539.68,6,51.62,17,18.05,1282,0
24.28,82.84,5127.68,9,40.63,26,15.78,994,0
32.26,89.18,5230.81,8,54.62,30,13.97,1093,0
25.38,87.72,4134.79,10,37.95,25,9.44,1127,0
59.17,76.26,3031.63,5,21.23,40,14.41,1380,1
13.89,81.67,5414.81,4,49.08,23,18.3,1600,0
30.84,52.07,3841.73,9,46.84,17,26.39,910,0
23.41,51.76,2756.7,10,48.93,27,20.62,326,0
24.66,99.02,3636.92,8,40.87,21,3.42,1124,0
20.32,61.3,3441.85,9,61.63,20,19.5,1216,0
35.61,93.03,6165.53,6,36.95,36,16.56,1143,0
37.07,50.2,2935.63,7,1.0,21,24.84,1125,0
29.73,89.47,4691.07,8,44.25,36,11.09,1600,1
51.66,63.34,3396.81,8,38.57,39,20.27,1380,1
15.11,101.95,4893.47,6,65.86,43,5.28,944,1
29.74,51.6,3889.53,10,50.35,34,25.01,700,0
18.6,58.91,3742.65,11,41.96,36,19.57,1704,0
18.59,77.82,4737.35,8,49.18,37,15.55,903,0
22.92,52.18,1948.44,10,21.94,34,16.75,1250,0
46.35,64.55,3969.72,9,53.35,36,21.16,870,1
35.67,40.47,3346.91,10,31.33,39,28.37,703,1
15.4,84.04,4292.62,9,56.69,12,12.18,1038,0
28.26,87.78,5392.83,7,38.79,24,15.79,1492,0
17.52,60.09,2517.2,10,40.08,31,15.18,870,0
24.86,85.63,4372.5,10,59.45,23,11.35,1270,0
32.98,82.34,3148.52,10,66.67,42,7.94,957,1
28.22,90.04,4748.74,9,42.72,17,11.89,864,0
36.37,47.46,3315.08,11,37.95,17,26.07,976,0
31.16,65.13,4374.6,7,34.31,25,22.56,985,0
30.61,92.36,6016.02,5,51.45,26,16.75,617,0
11.5,74.58,4412.74,10,46.75,15,15.96,1120,0
33.04,60.16,2718.96,6,44.39,19,19.56,825,0
38.58,49.17,3263.32,6,50.24,27,26.64,1379,0
42.73,84.78,7291.65,9,57.82,27,24.9,987,0
33.09,91.95,3766.4,12,70.1,17,6.66,843,0
18.88,62.16,2365.83,8,51.57,29,14.46,1570,0
26.94,86.46,5065.64,8,33.53,25,14.72,1494,0
24.62,85.55,4933.73,8,56.64,25,14.17,834,0
36.34,85.89,5887.01,8,52.05,32,18.22,1039,0
18.76,76.9,4639.31,8,23.32,29,16.46,623,0
21.4,87.74,4666.31,7,35.8,18,12.66,938,0
40.48,69.22,3301.55,11,58.95,32,15.67,1060,1
36.62,52.3,2942.18,9,52.2,39,21.96,466,1
26.78,82.44,4998.39,10,32.71,22,15.62,178,0
10.44,67.61,3373.21,10,50.3,35,13.95,797,0
35.08,49.17,3382.09,9,90.0,30,25.47,1353,0
28.15,89.16,5587.75,7,44.64,32,15.4,1457,0
40.93,74.1,4927.52,10,32.12,38,19.24,1248,1
10.92,106.96,7114.73,7,43.19,49,10.31,814,1
44.39,69.5,2943.71,7,61.81,38,15.45,1120,1
40.17,38.26,2727.65,9,31.37,42,27.64,1190,1
28.91,90.09,4201.96,10,48.92,23,9.34,1269,0
42.13,76.68,5523.36,11,44.05,45,19.91,1109,1
29.7,50.62,3011.24,9,42.75,23,23.23,834,0
19.43,82.66,3839.86,10,26.28,22,10.56,799,0
35.14,68.39,4939.32,5,47.95,7,25.56,1139,0
50.59,68.4,5607.43,11,47.58,31,25.63,546,1
54.13,51.75,4343.28,10,63.14,37,28.77,1229,1
28.57,87.39,4548.3,9,36.07,28,11.61,700,0
51.8,64.92,3464.24,7,29.23,39,20.01,662,1
29.25,89.57,4547.88,8,48.98,47,9.91,1159,1
28.84,86.22,2975.89,7,52.23,39,6.37,339,1
37.48,54.78,2472.41,7,37.74,10,21.75,1017,0
37.98,45.63,2441.98,7,44.13,27,24.73,872,0
38.92,45.33,2026.55,9,43.84,16,23.39,1208,0
30.58,59.31,3018.0,7,65.3,26,20.08,1480,0
15.26,81.72,4625.98,7,28.3,29,13.99,970,0
40.3,89.04,5282.13,11,30.82,25,14.42,1226,0
30.53,79.4,3991.67,7,39.11,30,13.93,1155,1
38.02,88.15,4581.79,11,65.95,27,11.8,845,0
15.87,73.11,4735.34,10,40.93,22,17.92,649,0
39.41,86.36,4445.81,7,12.54,54,11.79,1400,1
26.03,56.09,3038.48,9,56.64,24,20.4,1311,0
43.38,51.26,4111.66,5,42.32,20,30.0,1359,0
30.9,92.1,4755.36,9,63.62,22,11.12,682,0
50.18,69.25,4139.17,9,63.1,35,20.09,967,1
33.7,87.5,3994.41,13,29.53,19,9.04,1136,0
37.06,55.49,4369.78,7,51.27,27,27.42,1410,1
53.92,47.9,2619.25,8,37.9,44,24.32,872,1
30.63,84.56,4867.57,9,28.71,39,13.84,758,1
29.31,93.47,5178.18,7,22.7,27,12.24,772,0
31.29,45.18,2276.79,10,45.08,22,22.82,1192,0
28.53,51.39,3928.47,10,54.2,26,25.6,1205,0
56.3,74.79,4241.67,8,53.47,36,18.93,845,1
33.42,85.54,5746.56,8,35.8,33,17.61,1392,0
29.51,59.58,4369.78,8,46.14,14,25.13,762,0
3.5,80.72,3432.72,5,40.18,39,8.79,624,0
48.21,48.46,4643.62,11,59.99,36,30.47,1161,1
34.28,75.68,4964.08,8,33.8,32,19.29,925,1
21.22,82.89,6798.23,5,5.49,18,23.89,835,0
30.08,80.76,4296.19,14,50.34,20,12.8,1517,0
15.97,75.11,4974.16,9,38.59,32,17.68,1129,0
23.12,92.29,4970.49,6,34.89,26,11.91,679,0
20.83,75.04,4102.4,5,33.61,9,17.61,714,0
29.85,92.32,5615.31,7,28.38,25,14.58,1239,0
25.86,45.68,2330.4,12,39.46,35,20.97,1034,0
47.89,60.63,2168.38,7,73.13,42,16.76,743,1
24.96,66.25,2522.47,7,44.61,16,14.95,360,0
27.09,48.39,2406.16,8,51.67,39,21.01,1343,0
22.47,66.96,3300.76,6,58.22,22,17.27,1302,0
20.97,60.7,4723.47,10,32.43,38,23.04,986,0
35.45,59.81,2598.63,6,57.63,25,19.15,1044,0
37.33,56.61,2942.26,5,63.31,17,22.68,678,0
19.09,81.99,5026.08,7,48.83,25,16.02,1627,0
17.62,53.9,1691.76,10,38.24,40,14.25,1033,0
45.06,46.79,4187.02,7,43.5,28,31.47,1027,0
27.62,87.78,5504.34,9,63.93,44,14.11,1196,1
34.73,88.09,6277.05,7,23.95,18,19.85,1420,0
28.22,84.61,5085.17,9,37.78,32,14.78,541,0
31.79,85.25,4818.67,9,31.51,45,12.85,584,1
39.03,47.75,3445.37,8,41.66,30,27.24,1795,0
29.52,62.07,2095.96,6,49.17,19,15.94,862,0
31.52,86.92,5748.63,8,44.82,26,17.4,615,0
26.24,66.95,4990.89,7,44.07,30,23.27,1013,0
38.78,48.21,3196.82,7,39.54,36,25.75,922,0
40.14,59.99,4036.65,5,38.67,4,26.38,380,0
21.63,91.93,5074.49,6,61.39,38,11.38,1087,1
39.88,90.85,5504.39,10,61.25,27,14.6,1144,0
28.12,88.46,6009.13,5,42.04,39,17.64,974,0
26.56,96.53,4279.47,7,65.51,29,6.94,854,0
26.01,83.31,5612.94,6,29.69,40,17.66,964,0
2.62,77.77,3446.0,10,33.5,35,8.79,1406,0
21.67,70.66,3162.71,6,45.92,28,14.55,908,0
16.27,74.24,4586.71,10,48.12,16,17.43,729,0
34.36,93.26,5052.84,9,33.71,25,11.75,622,0
37.56,90.36,5011.7,10,40.66,30,12.56,1007,0
16.25,82.19,6290.84,9,30.09,22,20.07,685,0
36.74,83.13,4605.96,4,37.85,41,15.46,712,1
20.04,99.91,7077.64,5,45.09,50,14.74,1110,0
50.09,72.65,4480.44,8,60.92,34,20.15,1121,1
39.55,73.11,3616.15,8,57.4,35,15.81,984,1
36.74,77.9,3143.5,10,36.7,40,10.19,1489,1
29.55,84.29,5726.75,9,41.36,23,18.03,919,0
15.94,75.56,4382.28,8,43.76,25,15.85,1297,0
66.9,79.75,2829.48,4,32.68,43,13.26,1044,1
32.58,91.14,5561.23,8,42.38,24,14.8,955,0
27.72,52.36,1708.34,8,20.58,25,17.64,1108,0
56.51,58.87,3856.56,9,41.5,39,24.13,1386,1
39.17,97.84,5516.51,8,59.55,19,12.42,764,0
31.23,60.5,3327.8,8,52.23,25,20.27,1358,0
20.5,88.83,4428.0,8,18.24,23,10.61,1246,0
41.13,88.14,6004.56,9,18.68,23,18.27,1100,0
38.19,81.43,4961.79,11,42.73,47,14.84,1001,1
26.48,48.74,1907.21,11,35.82,23,19.1,1010,0
26.82,81.26,3773.1,7,58.69,29,12.22,743,1
44.46,71.54,3122.44,7,44.58,37,15.14,1256,1
29.25,83.89,4792.36,10,35.13,28,13.94,1012,0
21.37,67.54,2712.02,8,36.54,24,14.06,652,0
30.5,90.92,4579.38,10,31.18,17,10.62,807,0
16.04,85.25,3848.75,7,38.72,28,9.49,1403,0
29.09,59.58,4677.74,9,35.18,19,25.76,287,0
32.72,62.44,4128.66,7,24.35,15,23.61,904,0
16.66,86.31,5432.48,4,50.1,32,16.1,1405,0
18.95,87.63,6011.4,3,34.46,28,18.52,944,0
22.6,70.66,4061.73,7,42.63,18,18.39,1137,0
21.5,65.19,2181.79,7,42.64,42,11.97,440,0
8.17,80.78,3142.2,8,46.08,33,7.51,620,0
68.05,76.3,5196.18,8,46.71,35,22.71,1387,1
29.96,88.55,5481.58,8,38.31,23,15.48,1598,0
33.93,79.77,2574.73,10,41.35,40,7.14,1061,1
29.06,95.35,3819.19,11,52.72,8,5.81,220,0
17.88,82.11,5378.22,5,36.6,32,17.33,802,0
17.41,79.54,3793.12,11,53.29,19,11.42,1229,0
29.2,81.27,5117.3,9,58.05,34,16.53,1625,1
25.7,52.12,2847.28,10,44.28,30,20.8,1252,0
24.95,89.46,6115.22,5,41.02,31,17.64,1607,0
30.55,93.81,5269.76,7,39.28,20,12.75,1321,0
31.21,35.55,3431.63,12,52.78,38,30.07,1471,1
26.28,66.94,4688.9,8,35.74,11,23.1,1284,0
22.36,63.85,3676.3,9,27.92,20,19.38,1537,0
32.34,75.9,5291.97,10,1.62,32,19.41,1261,1
36.83,84.28,6207.96,9,63.64,28,20.25,905,0
9.91,75.78,4980.41,6,41.33,30,17.98,1228,0
28.97,86.72,5583.68,8,31.74,21,16.8,1175,0
30.43,88.22,5789.56,8,42.77,21,17.16,1285,0
37.78,46.66,3450.83,9,52.47,12,28.31,1100,0
69.01,91.95,4338.5,6,49.03,36,13.15,1265,1
25.47,91.17,4908.6,7,50.12,31,11.63,1221,0
23.84,82.01,5401.84,7,41.53,33,17.52,748,0
32.43,54.92,2817.53,6,25.69,6,22.94,919,0
18.77,84.27,5655.07,7,17.0,24,17.53,472,0
35.75,37.28,2460.98,9,33.92,33,27.35,997,0
13.77,83.37,3689.19,8,51.46,30,9.28,1303,0
45.19,57.26,2678.69,8,34.69,41,19.76,1168,1
19.07,63.76,3256.94,9,52.41,34,16.61,1320,0
20.63,79.11,4518.84,10,33.5,27,14.41,1480,0
26.57,71.49,4717.09,8,62.4,0,21.8,1004,0
34.18,68.63,4431.05,10,42.78,25,20.37,1160,1
32.21,43.27,1621.0,10,36.24,28,20.93,463,0
36.92,69.69,2528.06,7,27.17,38,12.95,638,1
23.72,88.16,5316.86,7,55.47,35,14.09,816,1
28.51,62.51,3552.98,8,30.54,11,20.93,1385,0
11.11,107.97,7228.47,6,47.05,51,10.2,850,1
65.2,74.98,4748.48,8,27.37,36,21.5,964,1
47.52,63.96,4508.07,10,58.33,34,23.5,1498,1
27.2,79.66,5179.32,10,40.67,30,17.2,837,0
22.44,83.09,5416.07,7,62.68,35,16.89,1082,0
29.03,92.37,5609.52,6,46.75,21,14.92,397,0
29.62,46.93,2492.51,10,50.06,18,22.84,787,0
28.41,86.22,4118.72,8,47.08,37,10.56,1247,1
22.3,82.16,5190.99,7,39.43,26,16.7,1131,0
47.81,71.86,4276.39,8,42.57,35,19.4,1099,1
38.84,91.38,4273.28,13,28.09,19,9.07,1139,0
16.07,58.39,2543.63,10,52.18,32,15.58,957,0
31.38,90.63,4267.58,7,43.7,50,8.78,1283,1
9.78,74.32,2930.84,7,41.88,17,11.16,1277,0
49.11,63.54,3506.68,7,42.96,39,20.67,1057,1
20.46,81.87,4264.74,8,50.08,35,12.24,831,0
45.27,47.76,4068.3,6,49.75,19,31.52,493,0
43.86,40.01,2031.6,7,51.02,25,26.29,987,0
51.73,71.29,4312.45,9,38.02,35,20.0,652,1
28.01,38.97,3383.77,12,37.66,42,27.56,1462,0
40.69,51.54,4766.15,8,32.21,11,31.58,1290,0
33.04,83.45,4046.07,8,45.34,39,11.82,777,1
25.64,66.46,3918.15,9,7.72,11,19.98,1586,0
29.41,46.5,3463.18,10,49.19,43,25.33,943,0
19.86,88.84,5103.54,6,28.33,23,13.8,936,0
38.42,89.75,6072.09,8,42.26,18,18.43,799,0
47.14,39.32,2162.2,6,45.47,29,27.66,1218,0
35.86,48.56,3016.52,9,26.29,22,24.8,1068,0
28.58,84.48,5073.94,8,24.06,28,15.36,805,0
29.05,87.0,4502.11,10,37.77,21,11.82,1436,0
27.52,81.08,4782.3,12,58.61,17,15.05,1309,0
39.5,20.0,2075.15,10,60.58,46,32.86,1102,1
31.06,54.48,3650.19,7,56.6,33,24.08,698,0
18.05,64.84,3529.57,10,59.01,30,16.75,1323,0
37.65,88.78,5689.13,10,19.93,25,16.23,822,0
55.8,52.4,4512.0,10,56.04,38,29.31,670,1
34.19,78.34,3771.29,10,62.64,38,12.43,598,1
35.58,39.72,1868.91,9,30.4,43,23.32,1353,1
17.63,84.34,3875.62,9,43.63,14,10.37,772,0
39.81,78.11,4978.1,9,49.63,43,17.76,1443,1
40.63,86.28,5897.63,10,43.71,24,18.34,211,0
22.97,79.76,3757.03,12,50.26,24,10.9,1214,0
20.02,64.82,4306.44,9,22.37,32,20.06,873,0
7.47,78.89,4805.75,5,38.67,35,15.74,784,0
13.45,71.43,4342.39,9,45.55,11,18.07,1146,0
43.44,47.49,3697.32,7,31.45,22,29.52,946,0
24.67,48.58,2061.11,12,58.91,33,18.33,1430,0
30.56,91.14,6030.08,5,48.25,29,17.29,1368,0
30.32,74.06,3365.61,10,25.76,26,13.24,1016,1
29.06,87.95,3851.32,11,48.36,19,8.69,1068,0
23.26,92.9,5983.47,9,26.72,44,13.17,1814,1
53.87,94.41,5824.0,11,40.82,33,14.7,178,0
21.12,84.86,5615.4,7,46.0,28,17.15,1520,0
11.38,75.68,5052.71,7,34.22,24,18.36,1391,0
28.46,48.65,2917.3,10,66.97,31,22.7,1086,0
27.69,83.41,5482.84,8,35.36,23,17.72,664,0
50.31,60.98,3336.86,8,36.02,40,21.02,581,1
17.09,84.4,4161.64,8,56.75,24,11.23,702,0
4.4,75.0,2866.38,10,67.08,17,9.08,1791,0
16.61,67.08,5243.41,10,36.65,30,22.03,1245,0
28.61,65.13,3028.89,5,43.74,29,17.49,968,0
19.4,89.23,5505.48,8,42.23,34,13.61,1311,1
56.93,90.13,3235.75,5,48.91,37,8.8,1223,1
43.74,92.19,4730.64,13,44.51,17,10.85,765,0
5.83,74.33,3384.67,10,47.26,32,10.48,1497,0
22.6,63.78,2683.58,9,60.31,25,15.06,1285,0
24.99,86.24,4921.28,8,56.7,28,13.65,877,0
18.17,81.07,5422.99,7,35.02,31,17.57,1086,0
25.35,93.73,5199.72,6,27.37,17,12.66,1127,0
36.57,67.46,4002.67,5,83.02,16,21.93,1403,0
22.99,64.92,2755.06,8,34.87,33,14.84,1031,0
45.25,57.5,4061.58,10,12.14,36,24.38,1096,1
36.41,81.14,5400.94,10,49.19,44,17.32,718,1
28.36,64.87,5107.09,7,47.35,17,25.5,568,0
26.28,86.36,4305.6,9,47.15,41,10.24,963,1
35.86,86.75,3932.36,15,51.59,13,9.33,1424,0
27.71,84.31,4223.65,10,45.41,30,11.3,1391,0
58.4,35.28,4440.12,7,37.81,11,40.0,1404,0
29.07,64.77,4203.27,8,35.96,16,21.9,666,0
25.28,52.81,1870.93,9,30.96,24,17.65,1319,0
57.02,55.31,4398.74,9,44.05,38,27.78,987,1
35.47,46.99,1722.28,8,44.91,27,20.9,547,0
42.44,49.13,2981.44,9,45.42,40,23.96,1369,1
30.13,65.91,4507.32,7,52.64,19,22.85,1426,0
32.94,41.59,3407.22,11,44.43,42,27.14,843,0
27.4,62.6,3862.91,7,44.0,15,22.03,1100,0
3.28,82.08,3352.21,7,21.53,22,8.47,1488,0
36.41,72.54,4290.5,10,55.32,31,17.81,1467,1
21.66,105.79,6995.0,7,41.69,60,10.41,784,1
33.22,93.44,4463.8,10,45.74,19,9.16,734,0
53.59,73.74,2531.03,6,32.97,41,12.98,742,1
23.83,66.84,4002.75,9,50.95,13,19.76,744,0
12.81,97.55,7383.15,9,27.86,42,15.31,1072,1
44.1,93.37,4109.07,14,45.29,18,7.56,1251,0
21.76,87.28,4849.53,6,30.65,28,13.24,1350,0
10.77,90.6,3509.06,7,47.62,14,6.36,572,0
23.47,95.5,6168.62,7,42.26,48,12.92,1497,1
36.59,89.08,5637.2,11,71.51,15,15.9,979,0
13.57,61.69,2048.46,12,66.29,28,11.67,1146,0
28.37,90.08,4922.99,10,50.24,6,12.98,1665,0
20.92,86.12,4212.01,9,52.51,22,10.72,1808,0
24.49,71.38,5183.58,10,71.24,39,20.13,937,0
34.01,89.11,4232.88,12,46.3,23,9.51,1232,0
33.84,94.04,4829.89,9,32.45,18,10.79,902,0
39.72,89.21,5691.39,9,56.55,32,15.85,1464,0
25.19,92.0,5352.71,6,39.1,43,12.39,1539,1
23.4,90.18,5094.35,5,60.61,24,13.67,522,0
29.76,64.81,4227.09,7,76.44,27,21.83,561,0
45.06,45.3,3478.01,10,47.19,39,27.33,910,1
30.95,55.62,3191.02,7,66.25,28,22.24,685,0
28.84,66.6,4048.57,7,29.94,24,20.27,804,0
8.25,69.44,2942.72,11,41.82,28,11.33,915,0
20.31,84.38,4326.45,8,33.24,27,11.85,991,0
19.51,91.54,5793.06,5,28.13,37,14.53,694,1
28.61,83.73,5220.04,9,44.86,25,16.14,1395,0
10.59,107.58,7128.34,8,47.58,54,9.35,1410,1
23.6,43.03,2086.72,11,26.93,27,21.73,856,0
20.97,75.89,4879.08,8,43.36,50,16.41,766,0
34.43,45.01,2899.75,9,53.27,40,24.9,702,0
30.81,95.36,4942.13,9,46.52,14,10.64,689,0
32.9,87.68,5406.52,9,41.34,25,15.55,1659,0
16.43,69.05,4378.82,10,58.02,19,18.63,570,0
35.41,50.34,4569.5,9,41.74,12,30.79,1536,0
33.13,75.84,6023.58,7,36.94,29,23.84,1054,1
34.27,94.43,4380.83,11,27.68,24,7.86,1131,0
10.54,70.51,3878.02,11,53.81,22,15.1,1099,0
26.69,37.74,1080.2,8,44.96,45,20.59,554,1
25.13,87.89,4481.68,7,37.21,31,11.48,797,0
31.93,55.71,2966.15,6,34.92,29,21.64,1387,0
32.61,45.98,2061.14,8,33.76,42,21.07,739,1
19.43,91.04,5093.05,6,64.15,15,13.22,810,0
23.95,87.83,5359.71,6,30.46,28,15.39,1120,0
11.47,80.34,3600.71,8,37.59,32,9.89,1259,0
32.48,93.76,4443.89,10,47.79,17,9.2,1196,0
32.88,70.81,4102.69,10,57.78,25,17.9,874,1
25.55,48.98,433.61,10,37.89,19,13.91,990,0
31.62,87.41,5458.86,9,51.31,26,15.77,1309,0
26.12,92.0,4499.02,8,41.37,16,10.35,1087,0
28.94,51.63,1961.67,8,38.23,26,18.76,501,0
27.02,88.39,6645.29,3,56.47,30,21.0,1131,0
41.39,46.81,3223.29,8,41.16,28,27.08,1328,0
29.84,65.18,5750.99,9,51.06,14,27.67,1308,0
32.05,87.94,4305.08,11,25.86,20,10.53,650,0
40.52,99.06,4835.17,10,24.54,7,9.46,1274,0
41.67,39.94,2667.52,9,49.95,29,27.7,1139,0
20.85,91.7,3808.68,7,59.67,36,6.52,1025,1
20.72,83.41,4639.31,9,56.42,18,13.88,1338,0
15.02,74.41,4560.82,8,44.63,37,16.22,473,0
39.94,89.06,5658.29,9,40.2,30,15.93,405,0
37.51,54.38,4949.5,9,42.27,26,29.55,946,0
31.19,56.27,4389.01,8,35.51,13,26.98,954,0
53.29,67.26,2683.48,6,24.42,41,16.3,993,1
42.94,63.64,2611.88,8,62.64,40,16.4,1456,1
21.26,93.51,4339.33,6,46.6,32,8.3,1013,0
25.99,86.13,5694.93,4,62.16,4,19.64,1197,0
41.62,52.59,3951.33,9,35.47,37,25.98,1214,1
24.5,56.85,3314.46,10,17.49,25,20.67,911,0
12.01,74.76,4554.74,8,39.4,29,16.33,1574,0
27.45,63.76,3695.04,8,38.06,19,20.37,852,0
18.04,79.49,4082.7,10,42.31,27,12.51,426,0
33.69,37.09,2983.3,11,23.23,40,27.96,1363,1
30.02,51.62,4341.67,9,30.88,29,27.5,1054,0
29.69,63.02,3090.89,8,25.66,19,18.48,651,0
21.48,86.22,5422.43,7,46.06,13,16.59,1360,0
24.35,66.25,5635.28,8,26.6,29,25.54,1222,0
27.76,65.53,4640.19,8,39.07,30,22.49,559,0
33.5,93.52,5777.92,6,62.63,36,14.69,961,0
23.88,80.55,5032.58,8,39.37,30,16.4,1099,0
32.72,60.61,3287.52,6,56.86,22,21.12,1066,0
28.77,82.5,2952.04,7,24.34,33,8.44,658,1
29.28,75.84,3573.47,7,42.76,24,14.25,1064,1
30.47,87.99,5144.06,7,58.74,44,13.66,1227,1
15.26,99.31,7207.5,5,53.41,42,15.71,1109,1
40.84,96.46,6447.34,8,34.38,15,17.27,1023,0
29.1,54.81,3438.22,9,40.7,31,22.35,1078,0
36.35,34.97,479.35,10,46.8,34,20.47,672,0
30.99,99.35,5440.4,4,29.19,26,11.65,805,0
24.47,61.48,5326.28,10,49.74,28,26.01,938,0
28.4,54.08,899.68,8,53.83,22,13.98,1320,1
34.09,95.06,6016.86,7,47.82,18,15.65,1123,0
35.78,56.14,2627.11,6,18.25,27,20.73,1266,0
24.57,69.21,4465.13,9,44.1,14,20.5,1499,0
30.61,49.69,2821.98,11,36.76,17,22.89,876,0
62.66,66.28,3854.87,6,67.68,40,22.24,1429,1
40.21,98.39,5003.63,10,57.98,20,9.69,713,0
29.98,51.23,681.89,7,35.38,45,13.65,1260,1
54.01,68.64,3434.44,9,45.9,44,17.6,1017,1
34.65,72.55,4488.24,7,28.43,28,19.57,987,1
33.18,46.48,1738.33,8,53.94,45,19.48,994,0
19.46,96.03,3923.9,6,37.13,21,6.1,1031,0
30.85,87.84,5449.7,8,40.79,22,15.77,819,0
31.27,61.36,3310.73,7,23.64,4,21.6,1116,0
14.82,76.54,5722.1,10,67.56,26,19.64,1404,0
4.33,120.0,6777.13,4,30.84,57,2.66,1189,1
21.86,92.23,4502.27,8,49.35,42,8.33,1205,1
13.82,88.13,5093.55,7,31.44,20,13.3,1538,0
29.76,51.28,2865.02,8,42.04,22,22.88,1484,0
31.97,52.56,2339.81,7,40.85,26,20.54,1418,0
30.17,53.14,2801.49,8,61.8,25,21.53,1024,0
10.66,76.61,4610.43,7,28.93,25,16.27,535,0
31.23,57.82,2614.45,6,31.35,23,19.66,1095,0
16.95,61.41,3057.04,11,34.8,26,16.27,1106,0
43.01,53.29,3901.26,6,45.24,22,27.92,1732,0
18.61,85.95,7117.97,0,41.53,44,23.39,1269,0
52.39,44.3,3629.28,9,39.58,41,29.43,1522,1
25.47,50.65,3289.24,10,38.52,37,22.71,1306,0
32.06,46.33,2268.8,9,22.15,31,21.98,725,0
39.04,52.6,2308.25,6,44.4,20,21.85,1100,0
30.5,41.25,2870.97,11,13.84,39,25.52,625,1
21.97,80.38,4332.75,11,19.68,22,13.34,768,0
12.81,97.54,5347.32,7,44.86,39,8.65,1246,1
25.53,94.17,4480.93,9,51.99,10,9.3,692,0
45.14,70.07,4378.3,9,33.15,34,20.13,919,1
31.04,86.46,5548.08,8,44.38,33,16.23,1521,0
22.47,101.73,5032.8,7,58.46,53,5.51,992,1
31.81,87.63,5286.89,9,52.05,28,14.58,1422,0
23.79,70.05,3084.66,7,26.32,15,15.14,1436,0
35.46,87.72,4803.46,11,71.53,21,12.95,931,0
22.36,73.58,3725.26,7,58.13,23,15.29,927,0
31.95,49.55,3412.77,9,34.86,19,25.89,884,0
37.64,67.06,4061.89,11,38.35,25,19.69,1186,1
40.42,39.63,2859.63,9,41.37,25,28.78,1177,0
17.85,94.78,6110.51,7,24.11,40,13.16,1290,1
23.65,70.03,4820.24,8,41.22,14,21.55,925,0
37.92,56.96,3194.51,9,33.17,37,20.89,1304,1
36.83,26.8,1383.37,9,58.97,46,27.19,554,1
65.5,75.13,4628.16,8,31.11,37,20.96,892,1
20.65,54.65,3131.25,10,9.72,36,19.76,1591,0
26.38,58.18,3314.85,8,59.18,35,20.27,925,0
33.92,92.91,5054.53,9,56.19,22,12.05,158,0
37.13,33.21,2984.67,11,43.95,30,30.69,1152,0
35.92,56.17,3777.14,6,67.97,21,25.4,1759,0
19.73,78.22,4390.37,7,35.17,15,16.02,880,0
17.72,72.83,5350.69,10,41.45,28,20.26,1518,0
37.58,94.33,5023.73,10,74.63,22,11.05,908,0
25.56,87.27,5150.85,8,28.79,26,14.32,955,0
29.17,89.09,4856.87,9,33.38,18,12.96,1057,0
9.26,62.52,3316.29,13,35.41,46,14.27,771,0
27.84,60.77,3217.53,8,45.25,33,18.99,1460,0
5.22,90.7,4960.63,7,45.06,24,10.51,681,0
11.11,80.83,5115.81,4,45.26,39,16.43,1381,0
61.68,78.44,3271.23,5,37.01,40,14.59,383,1
48.5,45.45,1814.74,6,62.56,46,22.36,1201,1
27.04,59.05,5110.29,11,28.55,22,26.49,1094,0
41.04,43.17,2638.0,8,37.94,9,27.74,1386,0
32.43,42.74,2450.73,8,59.47,28,24.97,647,0
23.54,92.56,5146.63,4,53.54,34,12.52,1404,0
51.37,51.57,3877.23,9,37.65,39,27.18,499,1
9.42,82.4,4627.88,4,34.13,25,14.41,556,0
36.66,88.98,5074.64,10,55.66,21,13.76,1638,0
16.11,65.03,3218.24,9,53.77,33,15.58,1029,0
14.27,85.16,3596.37,8,29.17,33,7.98,1238,0
31.49,91.4,4940.33,9,29.69,18,12.15,813,0
6.67,75.66,3485.71,6,34.86,42,11.17,1042,0
11.79,103.74,5130.05,5,40.86,43,5.36,1139,1
29.55,56.79,4459.02,9,29.66,31,25.31,975,0
25.82,60.4,3181.16,9,34.05,28,18.9,1478,0
13.68,83.33,3548.22,8,48.47,30,8.71,903,0
40.26,86.51,4723.32,12,36.11,28,12.65,1325,0
33.8,47.46,3516.36,8,25.24,30,26.97,891,0
19.95,85.97,4275.67,8,41.78,29,10.85,1231,0
34.16,89.06,5115.96,11,42.88,20,13.49,1328,0
25.3,85.91,5468.22,9,40.21,37,15.01,2200,1
19.58,74.4,2735.01,6,44.99,28,11.19,1035,0
24.09,91.11,5414.53,9,58.26,43,11.74,1379,1
41.6,56.83,3412.06,9,53.42,38,22.11,1263,1
27.17,87.76,4203.59,11,42.61,20,9.89,736,0
38.84,88.61,6016.06,8,69.91,19,18.43,766,0
35.35,43.51,2692.82,9,53.38,41,24.67,1237,1
33.45,50.92,3003.58,8,45.21,24,23.86,647,0
48.33,68.48,2518.5,9,33.56,38,14.01,747,1
29.92,89.08,3833.1,11,38.43,26,7.89,1312,0
42.15,57.36,2793.59,9,31.56,39,19.56,716,1
20.64,52.83,2732.37,12,28.42,41,18.29,1378,0
49.56,61.09,3652.42,9,42.2,38,21.88,978,1
17.11,88.06,5698.33,8,57.04,29,15.15,1087,1
48.06,76.63,4784.59,9,35.09,31,19.02,949,1
35.37,39.85,2883.39,11,52.54,26,27.24,1166,0
27.85,82.37,5048.44,12,33.78,20,15.46,1486,0
33.15,91.79,4105.66,11,24.1,16,8.46,835,0
42.01,90.84,5154.22,11,28.59,16,13.74,1170,0
27.62,62.42,3391.08,7,60.55,20,20.04,733,0
40.08,96.32,5045.51,10,61.39,24,10.65,1326,0
35.02,86.34,5089.12,10,44.67,24,14.78,1231,0
24.75,86.87,4753.15,7,66.68,28,13.15,1087,0
59.69,68.95,4482.41,8,34.06,37,22.63,992,1
14.42,73.32,3566.2,8,33.52,34,13.23,1214,0
22.28,57.79,2812.78,8,47.57,24,18.83,904,0
13.37,73.41,4105.59,10,50.98,21,15.13,1355,0
48.95,39.95,3853.8,7,51.99,20,34.02,738,0
52.63,22.04,1401.92,8,49.6,25,32.72,866,0
26.37,68.13,5584.71,9,36.04,19,25.03,770,0
14.53,79.71,4598.1,7,26.29,30,14.95,1192,0
36.53,94.99,4487.6,12,67.95,4,9.1,1153,0
29.16,88.17,5033.1,8,34.5,28,13.53,1137,0
38.04,87.93,4027.89,14,76.45,16,9.32,1171,0
19.11,81.27,4307.27,9,53.08,25,13.13,1109,0
30.57,76.8,5204.64,10,47.78,33,18.81,690,1
24.82,60.16,3331.21,8,44.52,27,19.6,1186,0
19.85,66.8,2623.13,9,49.21,18,13.77,1009,0
44.5,101.39,5635.97,10,51.26,11,11.61,858,0
14.59,83.44,4505.0,5,44.59,35,13.06,589,0
25.51,95.54,5045.78,9,42.13,51,8.0,1190,1
38.13,97.96,5672.17,6,43.86,35,12.45,1154,0
22.95,90.04,4306.0,9,44.92,21,9.6,949,0
24.61,71.57,4267.27,7,55.65,8,19.48,813,0
23.21,55.66,2811.72,11,50.13,32,18.37,1301,0
23.65,59.07,4226.12,10,31.53,22,23.04,717,0
27.78,81.27,5595.3,8,47.71,29,18.58,1092,0
23.08,80.77,5012.93,8,45.46,25,16.51,1085,0
40.63,72.08,4768.55,8,37.74,32,20.73,1267,1
34.82,91.5,5679.68,8,27.91,26,15.33,947,0
32.37,89.47,5140.3,9,41.76,26,13.65,1337,0
26.26,61.28,3917.13,8,35.53,20,21.91,994,0
24.25,95.64,4786.12,7,56.02,16,9.97,1349,0
14.27,83.14,3225.78,6,31.86,18,9.28,1278,0
19.68,59.1,3843.59,9,31.55,45,20.31,1158,0
48.65,67.27,4450.22,9,55.13,34,21.99,384,1
34.99,43.36,2462.69,10,65.04,24,24.65,1211,0
10.29,103.78,5938.1,7,40.22,46,7.19,1188,1
70.25,80.25,3719.21,5,40.22,40,16.29,898,1
40.33,63.65,3254.05,8,71.53,37,18.67,954,1
42.66,75.94,4059.16,8,50.83,33,16.38,1003,1
19.8,68.99,4289.69,9,50.91,28,18.35,652,0
18.65,64.98,3981.15,9,44.85,43,18.18,629,0
14.43,68.2,3226.49,9,33.26,22,14.57,1170,0
19.81,63.18,3613.22,8,54.89,22,19.14,835,0
33.65,31.59,528.26,8,49.92,48,21.77,1518,1
12.24,78.87,5964.26,4,48.77,30,21.14,1545,0
24.03,84.22,5722.77,7,59.63,33,17.81,847,0
33.3,94.3,5025.63,10,41.77,9,11.69,1423,0
18.92,85.87,4810.18,7,50.46,24,13.45,1431,0
42.75,49.26,3033.49,10,57.4,39,23.73,1127,1
35.36,53.59,3647.67,8,34.23,14,25.67,313,0
34.53,97.55,5823.42,8,42.63,6,14.27,1087,0
31.08,62.99,5451.11,9,33.96,12,27.67,1400,0
24.85,83.4,4723.31,10,13.25,25,13.73,665,0
29.21,67.19,3375.12,6,40.28,12,18.74,1236,0
17.49,98.62,5520.74,8,42.15,44,8.61,585,1
33.09,94.32,6095.59,7,53.27,22,16.11,890,0
23.89,61.85,2579.57,7,61.29,36,15.9,1553,0
37.41,35.05,1773.33,8,46.32,45,25.39,1615,0
14.44,72.03,2685.87,8,49.36,26,10.9,718,0
66.31,99.57,4091.15,5,42.49,35,8.8,1089,1
35.75,82.12,5497.78,9,46.84,34,17.93,1078,0
24.92,82.82,4929.27,8,35.75,29,15.31,1005,1
14.81,82.69,4197.15,8,43.54,27,11.66,774,0
26.1,89.59,3597.49,7,36.48,42,6.69,1063,1
53.74,77.61,3300.84,7,45.38,37,13.89,917,1
11.4,76.05,5229.46,10,29.56,28,17.72,1270,0
43.21,73.64,3243.72,11,54.44,40,13.1,752,1
19.9,84.11,5087.6,7,36.14,20,15.59,1177,0
10.36,75.18,5084.91,8,27.33,23,18.26,1178,0
27.86,87.89,5371.49,7,55.07,43,14.18,829,1
23.94,64.05,2831.1,7,51.1,33,15.76,755,0
29.82,92.61,5502.88,7,51.66,20,14.36,1393,0
21.25,92.17,3685.13,8,36.31,18,6.43,1121,0
28.03,59.66,4091.28,8,50.31,38,22.41,887,0
35.5,58.2,2835.83,8,44.89,38,18.88,324,1
48.4,49.95,2798.93,9,39.44,41,23.44,504,1
43.59,71.84,4255.35,11,59.55,40,17.69,1327,1
24.28,55.95,2621.61,10,64.85,23,18.4,733,0
31.21,86.42,5911.14,6,59.54,35,18.12,779,0
35.04,87.86,5406.56,9,30.48,24,15.68,1092,0
13.59,65.31,3177.8,10,30.1,20,15.43,1003,0
14.78,68.49,4827.49,10,41.73,41,19.17,1371,0
24.34,89.64,4439.57,7,32.74,28,10.59,1387,0
31.41,94.88,5388.13,6,49.74,19,13.22,1290,0
32.95,50.38,3583.64,8,40.83,40,24.99,911,0
39.92,44.81,2139.29,7,39.71,18,24.74,1236,0
37.52,87.2,4605.34,12,46.99,28,11.91,860,0
25.7,83.74,5892.28,6,50.2,30,19.19,1089,0
34.19,93.46,4898.26,11,47.05,18,10.92,1329,0
22.7,83.3,4943.88,8,33.32,24,15.29,937,0
32.97,80.16,4916.56,11,60.29,38,15.63,846,1
13.32,83.4,3242.09,10,29.77,20,7.45,966,0
34.25,86.86,5442.16,10,47.71,20,16.1,1231,0
26.61,87.65,4765.03,9,31.05,27,12.46,951,0
5.68,23.91,1966.22,13,61.69,39,27.14,1116,1
68.28,69.69,5831.89,10,65.67,34,27.75,1144,1
33.45,98.9,4370.55,9,37.91,13,7.09,1122,0
29.98,76.43,4433.47,9,21.06,28,16.44,872,1
63.37,94.61,5101.14,7,50.85,32,13.97,791,1
18.66,81.96,5042.64,6,16.44,35,15.97,1163,0
8.98,79.67,5541.14,4,31.66,21,19.44,1161,0
11.34,80.19,5305.64,9,32.3,32,16.0,905,0
58.35,59.21,3184.22,7,47.5,41,22.24,1249,1
31.22,93.76,4335.07,9,35.23,27,8.41,1345,0
40.17,53.63,4047.3,10,41.84,36,25.53,1525,1
34.64,88.08,4570.43,9,63.68,50,10.53,927,1
31.63,89.55,4634.61,10,32.14,23,11.47,1204,0
22.62,81.06,4511.27,9,36.98,27,13.99,900,0
26.1,57.64,3182.37,9,47.93,2,21.79,1097,0
34.95,52.43,4008.62,8,53.03,19,27.3,1139,0
37.01,92.73,5537.58,9,39.32,28,13.98,1220,0
25.98,89.22,4461.63,9,43.59,23,10.65,1260,0
25.57,58.13,1985.02,8,49.83,20,16.04,1737,0
15.57,65.41,3566.44,10,40.7,23,16.86,999,0
20.71,77.78,4556.74,10,14.83,33,14.94,1353,0
45.09,47.71,2239.66,6,47.09,15,24.76,845,0
59.45,91.11,4663.14,6,40.14,34,13.91,856,1
45.82,69.73,3449.48,7,28.0,37,17.3,579,1
30.03,48.72,2124.94,9,50.14,20,21.13,301,0
47.03,56.01,2215.89,7,50.13,43,18.95,1355,1
35.96,85.71,5784.13,10,38.24,23,17.96,1110,0
36.42,49.99,5012.37,9,41.28,33,31.28,1328,0
22.21,84.34,5136.68,8,57.77,29,15.19,1154,0
51.25,64.77,2367.2,6,52.76,42,16.15,277,1
30.48,66.1,6379.41,9,51.95,29,28.77,986,0
16.32,91.22,4655.28,7,46.57,32,9.71,738,1
28.85,84.45,4869.72,11,49.68,8,15.11,859,0
27.85,84.09,4560.47,10,30.59,20,13.3,1315,0
58.16,68.61,3699.94,7,40.67,48,19.23,244,1
30.46,57.66,3594.53,11,43.38,7,22.74,1779,0
22.86,89.42,4444.07,7,51.55,26,10.69,966,0
30.54,64.43,3354.96,6,63.83,29,19.1,596,0
33.67,93.04,5561.72,9,16.6,21,14.0,1240,0
22.14,62.63,2864.53,8,69.96,19,17.11,1389,0
49.24,40.11,3236.79,9,56.34,42,29.48,1004,1
21.3,94.32,5876.05,8,10.76,43,12.42,1107,1
53.16,71.41,4347.56,13,47.93,52,17.49,816,1
12.96,97.02,5301.22,8,41.68,37,8.52,1402,1
23.82,87.24,4728.76,7,44.85,34,12.4,1360,1
31.35,49.4,2907.35,8,47.21,25,23.92,1711,0
25.19,87.28,4442.69,10,49.59,20,11.2,1386,0
54.84,70.23,3996.35,8,38.31,37,19.68,1470,1
35.71,46.53,2652.99,8,21.43,35,23.91,1325,0
33.16,93.24,5095.21,9,45.29,20,12.23,639,0
27.4,53.73,4732.16,11,58.67,26,27.4,1168,0
31.89,94.22,4643.21,9,25.15,23,9.71,1072,0
25.01,54.94,3504.23,11,53.28,30,21.61,1252,0
29.67,89.15,4438.16,10,45.3,22,10.64,1781,0
35.31,88.01,4972.34,11,25.2,14,13.9,1234,0
17.93,81.37,4232.68,9,33.56,29,12.33,1453,0
20.61,78.69,5943.65,7,37.73,28,21.22,806,0
17.4,65.69,3741.78,10,47.45,36,16.7,1379,0
27.86,84.31,4559.02,11,49.48,21,13.03,1168,0
27.82,88.2,5230.95,6,50.95,29,14.73,827,0
23.12,53.35,2479.5,10,38.45,22,19.11,1296,0
24.59,64.1,4011.57,8,42.22,41,19.44,781,0
16.02,82.98,3992.94,7,47.91,25,11.32,965,0
22.22,79.24,4232.9,9,61.18,27,13.75,1754,0
30.65,54.42,2979.95,8,50.26,22,21.99,522,0
28.39,65.99,2594.57,7,41.36,13,16.01,1297,0
51.88,69.46,4143.26,8,24.66,36,20.51,625,1
25.57,82.43,5160.39,8,59.01,33,16.16,1066,1
41.2,90.51,5290.59,10,28.63,33,13.65,799,0
24.17,89.08,4920.47,8,49.44,16,13.09,1157,0
44.14,101.54,6371.33,8,35.51,18,14.52,1579,0
38.04,81.77,5269.94,11,31.24,31,16.88,142,0
21.03,67.75,4340.98,9,53.0,20,19.96,1721,0
31.24,68.71,1007.05,6,35.62,42,7.36,819,1
37.27,79.67,4182.4,9,53.87,43,13.57,795,1
26.16,89.47,5403.52,7,40.45,18,15.36,355,0
33.06,98.24,4701.96,7,46.22,27,8.36,1415,0
22.12,85.69,4950.9,9,56.74,18,14.21,945,0
37.95,92.9,5469.4,9,44.51,21,14.09,931,0
46.16,36.97,2738.74,7,30.67,24,30.74,617,0
22.95,93.47,4117.28,8,68.17,21,7.52,972,0
13.93,78.69,4702.96,6,24.52,29,15.97,485,0
35.6,61.15,4527.88,7,29.18,21,25.63,1225,0
43.93,43.78,3251.25,6,44.49,18,30.1,1063,0
20.74,80.05,3627.78,12,52.41,21,10.39,823,0
32.81,97.26,4313.67,9,61.79,20,7.13,1107,0
27.09,88.42,4690.9,9,30.3,17,12.36,1543,0
17.68,68.84,4757.52,9,49.49,29,20.06,1199,0
17.26,76.53,3449.86,8,42.06,26,12.13,1259,0
57.21,62.39,4084.59,7,59.69,38,24.02,1025,1
31.73,35.52,2542.84,11,58.16,31,27.37,825,0
18.96,65.24,3312.5,9,45.46,37,15.71,1629,0
41.03,41.73,4074.66,9,27.03,34,31.78,588,0
36.59,61.17,2754.63,8,59.45,38,17.54,782,1
19.92,59.13,2153.1,8,21.45,36,14.83,1408,0
21.04,76.18,5022.77,6,67.34,9,20.36,1695,0
15.96,71.71,3939.89,8,30.1,34,15.33,1502,0
28.18,65.24,5383.46,7,60.05,16,26.48,1396,0
51.46,63.8,3651.46,9,50.59,38,20.84,1763,1
20.29,81.37,5058.83,8,43.04,25,16.36,1654,0
18.16,83.07,4540.89,7,46.81,34,13.1,1266,0
29.96,51.25,3741.77,12,41.97,35,24.04,470,1
19.65,64.48,3440.39,10,44.78,12,17.96,799,0
38.24,66.07,3335.99,9,50.25,36,17.46,1367,1
28.63,55.57,2824.55,9,45.66,11,20.83,1799,0
42.86,91.81,5600.06,11,31.43,15,15.08,1099,0
30.19,90.58,5350.83,8,14.19,19,14.52,1621,0
53.83,105.25,6202.83,10,19.74,5,13.11,1070,0
47.4,36.85,4277.38,8,60.9,9,37.25,910,0
37.51,91.57,6346.38,7,31.8,23,18.45,1966,0
27.18,35.01,3183.21,12,38.39,38,29.01,903,1
27.55,83.93,5265.64,8,66.11,27,16.51,1687,0
28.07,58.71,2820.33,6,40.44,41,18.49,1262,0
18.38,74.11,4553.03,8,35.35,26,17.52,766,0
28.7,90.78,5051.77,8,55.36,27,12.67,1292,0
19.79,83.75,3582.38,10,32.63,35,8.14,1267,0
33.0,88.5,5492.22,9,46.0,19,15.84,625,0
22.18,86.59,4977.05,10,52.22,35,12.31,889,1
36.83,59.47,2957.04,9,15.33,37,18.6,1323,1
50.9,44.45,2813.05,8,51.63,43,26.45,797,1
17.46,81.65,3995.79,9,56.94,28,11.23,1015,0
11.9,77.12,4439.8,6,43.65,35,15.09,1184,0
20.02,88.14,3901.66,8,57.14,15,9.35,1098,0
35.34,88.18,5478.64,7,46.46,38,15.38,1149,0
39.03,89.28,4862.75,13,45.08,17,12.42,729,0
33.37,89.39,4969.92,10,30.35,12,13.43,1596,0
42.47,35.93,4176.13,10,40.04,25,35.35,1094,0
19.75,62.65,4795.77,10,39.77,14,23.96,912,0
28.08,60.99,3781.12,9,53.24,25,21.11,867,0
37.86,83.57,4729.47,13,40.76,21,13.92,1087,0
17.9,88.31,4287.93,8,23.19,25,9.97,837,0
22.98,86.25,4747.08,8,37.78,24,13.15,1276,0
24.04,89.22,4442.04,8,50.37,21,10.87,747,0
24.19,65.06,3850.42,8,33.87,24,19.51,994,0
18.89,83.03,3710.14,11,34.14,19,9.62,1339,0
41.62,61.04,1720.68,7,48.22,42,14.1,1081,1
27.95,51.0,3499.67,10,52.19,37,23.45,1429,0
41.54,76.73,3838.27,9,29.54,43,14.28,1029,1
30.18,50.22,3022.7,10,54.33,7,24.25,1092,0
37.95,75.58,2911.24,8,60.03,36,11.7,1142,1
29.64,86.17,4365.31,11,50.63,29,10.98,891,0
40.28,91.69,6173.31,8,25.8,21,17.88,1095,0
20.79,90.87,5326.06,4,50.93,35,13.82,979,0
16.24,93.89,4771.49,6,58.52,34,9.07,1303,1
34.78,46.93,3889.71,9,53.6,24,28.65,1293,0
19.74,96.92,5510.49,2,21.82,28,12.63,1338,0
34.48,48.0,1743.63,8,46.96,43,19.33,1269,1
28.26,88.08,4200.17,9,40.99,35,9.5,1088,0
27.2,89.48,5235.7,7,43.58,26,14.1,1308,0
21.42,65.8,2640.05,7,42.14,31,14.43,1342,0
37.38,72.83,4090.64,11,51.67,32,16.7,1246,1
24.89,90.14,5066.96,8,44.89,23,12.87,804,0
18.83,66.13,4484.21,10,54.44,27,20.02,655,0
18.4,93.75,5728.0,6,50.34,37,12.95,808,1
27.74,62.48,3722.02,7,34.4,0,22.59,1014,0
9.83,69.5,4154.73,11,42.44,33,15.61,1522,0
22.46,87.03,5403.88,6,35.91,33,15.37,1152,1
29.69,87.25,6785.03,6,47.04,19,22.01,839,0
26.85,85.98,4221.85,7,43.12,35,11.05,670,1
20.44,85.29,6088.64,6,48.84,23,19.31,980,0
25.27,61.76,3229.54,8,56.24,18,19.29,1376,0
26.77,84.13,5954.54,8,49.93,22,19.27,1166,0
30.01,61.98,4113.65,6,38.23,17,23.68,966,0
58.0,52.05,3394.25,8,43.3,42,25.7,1217,1
29.8,89.11,4955.08,9,45.97,19,13.3,765,0
23.93,85.2,5240.29,8,52.96,23,15.55,908,0
30.38,85.46,5203.88,10,30.6,43,13.87,1301,1
18.41,76.07,3949.01,7,47.57,12,15.56,1419,0
12.98,63.29,2952.98,12,42.5,32,14.15,935,0
29.97,55.44,2911.11,9,37.33,21,21.01,913,0
11.55,78.34,4475.38,9,36.16,21,14.53,1626,0
28.33,63.56,2926.43,8,34.1,22,17.33,1332,0
1.65,79.52,4609.38,3,47.75,31,15.04,1222,0
26.75,46.83,2512.52,10,31.85,38,21.61,1045,1
22.38,91.52,4854.31,9,40.99,42,9.64,1609,1
38.8,91.75,6226.77,7,49.58,27,17.76,911,0
17.21,55.54,3026.5,13,42.04,27,18.36,1055,0
26.64,68.73,3756.18,7,47.97,17,18.67,1318,0
27.77,53.59,1077.87,9,33.38,30,14.06,865,0
27.82,67.22,5348.17,7,57.8,14,25.71,931,0
28.87,64.44,4088.83,7,54.18,19,22.13,1253,0
21.11,66.94,2238.62,8,29.05,18,12.88,1094,0
38.29,44.97,2997.1,8,30.93,34,26.09,864,0
14.07,72.57,2570.81,9,47.33,36,9.3,798,0
23.29,83.22,4823.13,7,38.57,42,14.17,1587,0
12.12,97.26,5039.62,4,43.29,33,8.91,1113,1
26.94,88.0,5418.89,10,44.81,43,13.24,1245,1
37.62,84.04,5676.46,9,47.16,41,17.61,680,0
26.84,84.52,4905.43,10,39.55,24,14.35,883,0
17.61,75.85,4464.81,9,50.9,34,15.48,1148,0
26.97,92.78,5230.31,6,34.56,24,13.14,662,0
22.76,91.83,5215.16,7,40.84,41,11.48,1334,1
26.85,53.58,3748.34,12,40.45,18,23.84,1175,0
36.0,81.01,4013.09,14,50.18,29,11.29,717,0
28.89,58.1,3157.91,9,37.93,18,20.84,1636,0
44.15,82.79,1771.23,4,22.12,41,5.8,1456,1
27.31,92.22,5300.06,8,24.31,11,13.76,1066,0
32.85,50.44,2728.01,8,33.45,36,22.2,1197,0
19.59,72.84,1886.29,7,38.75,15,9.15,1183,0
27.63,89.56,4190.55,11,33.12,14,9.46,1099,0
38.89,52.54,2597.0,7,37.98,41,21.2,1140,1
19.79,86.53,4700.31,6,38.06,31,12.64,519,0
27.26,89.29,4801.03,9,65.21,21,12.11,1763,0
34.34,92.16,5606.66,9,65.03,14,14.99,1299,0
3.38,74.68,2775.03,9,30.15,35,8.12,828,0
31.63,63.29,4197.5,7,32.23,17,23.41,605,0
34.44,88.66,4231.39,12,39.15,32,9.26,849,0
20.01,90.72,4065.77,7,59.92,25,8.32,651,0
34.46,83.44,4737.79,12,34.92,20,14.28,1916,0
27.13,93.24,5841.69,8,21.57,50,12.64,1093,1
34.25,29.77,1654.68,9,52.53,46,26.68,936,1
19.76,61.2,2769.18,9,16.37,22,16.57,1296,0
21.04,79.39,5460.9,8,32.12,18,19.2,1074,0
31.29,95.65,4892.73,7,48.91,14,10.94,1320,0
15.11,90.35,7235.53,8,36.46,31,19.56,1201,1
25.58,58.16,2595.92,8,53.78,34,17.57,958,0
15.41,66.55,4754.03,11,32.4,25,20.46,1632,0
40.19,85.11,3849.03,11,48.3,53,8.64,1147,1
28.27,59.95,3297.44,7,39.7,23,20.79,1600,0
10.46,111.57,5832.8,3,44.69,51,4.38,1273,1
21.39,43.98,2560.27,11,50.65,37,22.31,382,1
9.72,74.59,3070.34,10,32.9,24,10.3,1237,0
21.75,91.84,7212.35,7,40.64,40,19.15,1299,1
63.95,62.94,3463.37,7,52.59,41,22.0,1365,1
33.93,59.42,4258.56,6,38.62,25,25.33,959,0
47.55,73.11,4774.1,9,45.54,33,20.6,851,1
34.64,93.77,4021.25,11,28.32,14,7.46,753,0
26.13,89.99,5146.99,7,58.14,28,13.43,518,0
29.11,95.56,5643.39,5,23.8,19,14.03,1257,0
23.1,79.01,4718.35,10,33.8,33,15.19,866,0
18.3,61.09,3668.06,12,52.97,31,18.48,1126,0
8.45,83.02,4581.78,4,36.38,32,13.54,1126,0
20.07,95.23,6487.05,8,23.64,44,13.92,749,1
28.18,93.52,4466.21,8,45.42,34,8.66,789,0
25.44,89.72,5260.31,6,33.18,21,14.65,1371,0
32.44,79.39,6471.69,8,23.38,29,23.27,1245,0
12.66,80.94,4728.61,5,24.13,35,14.78,1195,0
22.29,67.28,3831.49,8,28.26,19,18.8,910,0
29.58,42.65,3128.35,10,34.99,23,26.95,1529,0
15.56,77.84,4816.32,7,41.88,25,16.88,1043,0
32.48,50.16,3685.78,8,53.48,29,26.31,1245,0
26.05,59.22,5126.18,11,46.57,24,26.28,745,0
38.91,59.69,4696.75,10,34.92,33,25.2,1003,1
28.75,36.76,1743.26,10,32.57,42,23.27,932,1
30.28,79.96,4187.9,10,60.16,36,13.05,1085,0
36.29,60.77,4059.42,8,48.82,13,24.38,1404,0
15.87,82.99,3550.06,5,50.11,22,10.58,697,0
18.51,79.54,3667.02,5,40.39,23,12.92,374,0
37.07,37.29,878.75,8,38.2,32,21.8,1051,0
32.82,85.42,6208.04,8,50.14,14,20.66,1161,0
34.78,46.15,1034.23,9,44.47,14,19.0,1278,0
42.42,84.71,5962.89,12,27.2,19,19.17,1110,0
18.95,85.15,5610.2,5,45.09,34,17.13,799,0
31.73,88.6,4976.26,9,61.37,22,13.45,1371,0
41.53,49.91,2987.94,9,44.47,40,23.5,1403,1
16.01,74.32,5168.41,8,60.06,25,19.6,506,0
0.0,91.14,4360.35,9,68.27,28,6.82,1460,0
29.06,85.38,4828.52,9,35.87,27,13.74,883,0
30.64,85.87,5772.27,6,54.76,40,17.42,1241,1
27.23,64.86,3051.13,8,67.52,14,17.65,1339,0
22.71,86.9,4461.55,8,40.79,36,10.98,1530,1
3.53,101.22,5652.78,7,57.83,34,7.45,1476,1
26.9,86.72,4373.4,10,42.5,17,11.54,1208,0
26.06,95.47,5170.18,6,55.49,20,11.85,1154,0
26.84,91.05,4201.11,7,53.69,37,8.74,949,0
21.86,88.93,4873.81,6,46.01,23,12.96,1543,0
28.43,85.39,5130.31,8,41.51,32,15.01,1205,0
23.75,69.76,6052.35,10,38.1,14,25.73,752,0
21.55,79.5,5544.41,7,62.18,38,18.61,1028,0
23.09,57.57,3386.59,11,48.67,24,20.19,1313,0
31.25,93.71,4445.2,8,53.48,29,8.85,966,0
25.9,68.53,4455.49,7,57.95,16,21.21,1085,0
30.46,81.93,3852.15,11,43.93,37,10.5,1344,1
24.68,97.37,3963.87,6,19.96,48,4.21,957,1
21.59,95.06,6548.72,9,48.52,49,13.76,1081,1
41.96,94.31,6056.35,8,31.97,30,15.69,606,0
58.48,68.3,2247.8,5,29.27,44,15.07,1170,1
10.25,75.13,3491.0,10,45.59,24,11.56,1235,0
27.59,79.71,6247.74,8,38.29,25,22.1,912,0
44.04,92.96,6095.35,8,42.01,34,16.43,964,0
18.66,70.42,3256.67,9,55.33,14,14.48,455,0
18.77,90.69,6092.74,11,36.97,38,13.96,1795,1
37.79,89.83,5134.21,12,27.2,13,13.62,1268,0
26.19,60.78,5031.51,10,39.31,34,24.97,1539,0
26.87,91.99,6645.84,10,41.63,49,15.62,1451,1
37.29,97.9,5206.44,8,53.97,24,10.85,1270,0
26.64,68.85,4278.85,8,56.86,25,19.51,1049,0
35.21,91.54,5272.6,9,37.59,23,13.61,1496,0
31.96,76.32,4846.63,11,26.47,34,17.05,985,1
30.79,58.66,3571.36,7,34.17,30,21.89,450,0
23.86,98.94,5906.98,4,34.04,17,13.59,935,0
35.43,81.82,5941.76,9,44.85,33,19.92,1138,0
29.08,62.5,4288.29,8,60.58,11,23.93,1043,0
34.91,81.09,2666.92,8,52.49,40,7.77,1313,1
62.09,60.45,4243.57,8,48.27,38,25.82,433,1
58.37,67.82,5016.71,9,54.64,34,24.72,1413,1
28.78,46.47,2052.9,8,27.65,45,20.35,1054,0
19.7,49.89,2976.13,11,63.9,35,21.15,709,1
24.16,89.45,3625.94,10,32.7,23,6.81,1489,0
21.87,84.36,3633.76,11,62.48,23,8.6,654,0
32.68,91.34,5450.17,8,26.77,18,14.82,758,0
33.19,96.11,5410.48,8,72.56,19,12.26,1073,0
28.94,48.29,2816.06,11,39.81,26,22.81,682,0
53.56,73.19,2895.48,6,61.41,40,14.49,1814,1
23.34,93.14,3544.48,10,42.58,14,5.4,841,0
13.18,85.72,4461.11,6,52.93,25,12.06,1016,0
21.13,86.89,5026.25,6,56.17,26,14.2,1011,0
26.22,39.94,3001.1,13,65.35,39,25.57,1097,0
21.3,54.78,2223.12,9,39.19,41,16.41,925,0
36.7,52.15,3181.4,10,31.13,38,22.46,692,1
34.74,93.25,3991.12,13,52.53,9,7.27,1090,0
24.33,67.5,4149.74,8,37.32,16,20.02,715,0
16.54,85.18,5673.78,3,37.6,28,18.11,947,0
37.43,91.67,4883.42,11,32.01,18,11.64,516,0
26.77,92.16,5066.8,5,49.35,38,12.0,419,0
34.76,77.32,4813.32,9,52.23,34,17.69,1119,1
11.89,73.84,5287.42,6,48.44,41,19.54,1203,0
29.57,89.83,5517.07,6,36.79,28,15.43,443,0
17.26,73.39,6205.67,10,30.96,26,23.35,562,0
28.92,93.74,5541.46,7,47.49,16,13.98,1210,0
19.93,86.39,5131.4,7,33.49,23,14.76,966,0
23.56,87.72,4702.86,7,36.51,34,12.16,1103,0
27.63,66.95,3812.76,9,64.59,16,19.1,1517,0
59.53,77.91,3259.68,6,50.02,39,14.49,533,1
43.04,62.29,2652.84,7,51.66,40,17.42,1154,1
34.1,94.08,5973.4,5,29.01,30,15.92,1423,0
41.87,45.67,3060.49,6,27.98,26,27.74,1323,0
34.9,87.36,5155.31,12,44.43,7,15.09,851,0
17.07,87.23,3759.27,9,46.79,17,8.57,928,0
20.38,56.0,2456.5,9,38.25,28,17.37,1176,0
38.0,56.46,5149.25,12,27.14,31,27.81,775,1
34.41,83.11,5341.38,11,47.25,43,15.65,438,1
30.11,42.04,3604.44,12,32.02,36,27.75,1797,1
28.54,53.53,3554.12,10,49.17,25,23.53,848,0
29.3,93.4,5178.79,6,39.09,28,12.38,523,0
28.93,94.23,5473.47,7,55.08,12,13.89,1156,0
33.15,55.49,3544.81,8,48.03,20,24.04,1095,0
43.94,89.93,6799.57,8,35.95,26,20.94,861,0
36.81,50.02,2812.63,8,44.04,12,24.59,1513,0
18.39,51.42,50.0,7,32.39,44,10.08,1371,1
21.6,52.7,2769.34,11,41.74,23,19.88,845,0
41.03,92.11,5131.44,11,27.73,24,12.44,1223,0
60.42,70.8,3845.7,8,54.2,38,19.41,982,1
23.91,52.93,2758.79,10,37.25,32,19.65,30,0
45.49,67.43,2561.0,8,61.54,39,14.73,1059,1
30.71,61.23,3137.59,4,37.54,28,20.31,1268,0
9.88,97.87,6924.69,4,35.46,30,15.76,1499,1
25.18,84.2,4752.1,9,46.17,27,13.64,990,0
49.87,51.91,2947.83,8,50.05,42,23.39,418,1
15.82,80.56,4805.85,7,26.41,32,15.06,715,0
9.71,98.67,6249.5,5,58.49,33,12.22,1203,1
17.99,73.96,3513.09,7,46.09,19,14.29,898,0
38.14,50.23,3563.44,7,48.47,25,26.9,1402,0
38.94,50.67,4068.72,7,63.09,13,29.66,754,0
26.98,86.67,5271.81,7,34.45,28,15.29,1298,0
25.04,90.18,5705.38,6,38.0,26,15.87,983,0
13.73,81.94,5079.19,8,58.55,15,16.18,1248,0
40.7,83.4,6633.94,9,58.54,29,22.53,666,0
30.38,60.47,4892.95,9,28.55,16,26.36,1112,0
28.65,85.6,5011.62,9,37.01,21,14.62,1148,0
24.26,79.98,5665.5,8,60.55,26,19.45,996,1
25.42,64.41,4700.02,9,27.29,13,23.45,566,0
26.36,89.76,5709.24,5,38.48,22,16.49,1404,0
34.22,87.93,6884.35,4,50.79,43,21.67,1193,0
34.78,60.2,3459.9,7,46.15,13,22.49,1533,0
29.07,59.36,2659.78,6,30.25,24,18.77,996,0
22.71,90.82,4528.74,7,64.84,25,10.49,665,0
30.1,53.99,1696.98,7,60.4,27,17.23,709,0
21.42,66.01,2831.92,9,53.86,23,14.8,1422,0
34.59,76.43,3041.31,12,37.55,38,9.88,1176,1
34.94,80.92,4803.2,8,34.24,39,15.85,1011,1
27.59,22.19,681.48,8,40.5,48,25.98,443,1
30.53,89.57,5033.35,9,50.28,28,12.94,902,0
36.39,97.27,5173.42,9,50.2,13,11.1,1293,0
42.77,47.76,2759.63,7,45.48,42,24.16,860,1
20.47,87.61,6476.53,8,42.98,33,18.26,720,1
29.25,85.06,5018.02,9,31.68,35,14.24,1025,0
23.61,89.88,5551.71,9,56.42,42,13.01,1630,1
13.09,100.47,5281.79,7,62.5,43,6.8,540,1
46.79,74.12,4819.84,9,64.05,46,19.41,1553,1
20.23,84.62,4555.67,8,45.19,29,12.49,971,1
28.43,90.24,5692.84,5,69.03,30,15.91,77,0
23.6,52.14,1033.98,10,42.43,34,13.31,1482,0
34.3,91.22,4877.74,12,49.09,9,12.06,942,0
26.54,87.63,5603.08,8,36.12,13,16.84,1002,0
30.75,88.69,4841.38,9,33.38,24,12.64,785,0
18.68,95.03,7566.53,8,46.94,44,17.94,896,1
28.41,70.16,5019.66,6,53.53,17,23.14,1171,0
24.98,58.29,3753.43,10,62.69,27,21.41,1502,0
28.87,51.19,3002.81,10,70.1,33,21.78,517,0
30.49,64.71,4372.35,8,23.17,26,22.23,675,0
29.67,51.36,2568.52,9,44.96,29,21.05,1005,0
33.15,64.65,4534.31,7,33.64,15,24.03,1136,0
25.84,92.03,5210.16,7,47.45,44,11.55,1251,1
30.87,94.28,4479.81,10,39.95,15,9.12,1039,0
20.9,94.47,3572.62,8,54.73,23,4.84,741,0
24.18,80.21,4819.77,9,35.44,34,15.22,1460,0
31.31,57.34,4096.1,8,38.11,34,24.1,423,0
30.44,64.17,2989.82,5,58.79,16,18.89,1361,0
17.01,69.61,2738.16,8,37.04,24,12.79,1536,0
20.78,65.72,3771.43,9,40.02,25,18.29,670,0
44.99,98.02,5553.76,10,56.57,25,12.19,1458,0
27.7,88.18,5003.6,10,40.4,19,13.36,765,0
11.64,80.79,4213.59,6,43.04,41,12.23,724,0
31.46,60.51,3588.88,7,18.4,25,21.62,1738,0
29.52,43.13,3153.56,12,56.04,35,25.49,1217,0
31.22,89.72,5988.63,8,40.09,14,17.65,1260,0
36.9,92.62,4669.23,10,33.67,26,10.19,533,0
27.05,52.42,2365.01,9,46.44,25,19.53,935,0
22.35,59.78,2989.59,8,42.92,31,18.01,856,0
28.5,55.42,2900.44,8,35.54,30,20.41,1134,0
24.66,79.02,6457.09,6,62.02,33,23.21,1427,0
29.89,86.83,5117.2,10,53.6,45,12.91,1023,1
11.79,85.15,5779.14,4,26.22,21,18.31,454,0
41.8,57.19,3502.78,9,54.26,37,22.32,1385,1
39.49,47.78,2969.47,10,58.81,39,24.05,1442,1
34.31,91.58,4749.34,11,42.32,22,10.66,1175,0
26.0,84.49,4755.05,9,37.82,35,13.28,1403,1
14.22,77.62,4521.79,8,40.68,32,14.84,1280,0
17.94,94.05,5901.37,7,50.65,38,12.85,1254,1
15.65,73.21,4491.06,9,41.27,24,17.2,1048,0
39.7,37.6,2120.1,9,44.62,31,26.4,1212,0
17.27,76.67,3848.11,10,61.12,33,12.2,1224,0
16.41,81.47,3567.74,9,57.36,27,9.51,1321,0
42.33,75.84,3782.77,8,39.6,41,14.9,1243,1
31.0,82.46,4210.46,7,35.25,38,13.12,1319,1
22.05,64.93,3110.32,8,64.31,23,16.78,1124,0
46.94,53.16,2660.94,7,62.13,42,21.8,1184,1
32.95,81.14,4427.29,7,46.98,37,14.84,771,1
27.32,79.71,4324.48,7,36.06,27,14.92,663,1
29.3,53.71,2844.5,8,57.61,28,21.26,933,0
13.99,75.43,3900.31,8,48.62,33,13.62,676,0
27.2,93.01,4275.82,9,43.46,23,8.24,1433,0
29.42,90.87,4854.71,7,68.86,48,10.73,1544,1
47.23,94.73,4755.84,12,56.31,29,9.77,1492,0
33.39,50.07,4106.81,11,56.49,35,26.61,728,1
52.98,57.14,4162.46,9,61.02,37,25.8,1368,1
25.25,66.48,3955.54,7,48.25,22,19.96,969,0
37.34,52.62,3817.24,9,32.58,3,27.51,1246,0
26.69,84.35,6167.59,6,42.71,21,20.5,1120,0
31.45,90.48,4604.63,9,46.53,16,11.63,834,0
38.97,76.38,5018.01,10,15.72,40,18.46,960,1
37.25,73.58,3910.75,8,44.52,32,16.53,1052,1
24.91,88.5,5642.18,8,21.55,13,16.49,470,1
30.19,89.33,5061.9,10,41.46,22,12.92,1497,0
23.92,62.72,4046.11,8,57.87,25,21.16,1227,0
43.49,57.38,3358.94,9,52.66,38,21.94,1175,1
40.55,41.16,1754.95,8,48.32,44,22.82,1073,1
30.44,46.45,2311.21,10,63.12,22,22.5,796,0
38.42,29.81,1622.83,10,28.52,33,27.43,1144,0
27.09,46.91,2087.85,11,59.0,32,20.08,1000,0
34.06,85.36,4137.07,13,30.99,18,10.7,726,0
41.48,92.44,4980.87,12,21.73,23,11.38,1172,0
34.76,50.11,2529.17,8,27.85,15,23.0,763,0
21.02,73.15,3322.54,7,53.71,25,13.78,1292,0
33.46,92.02,5430.88,10,50.98,16,14.0,1124,0
18.33,67.27,3432.17,8,55.53,25,16.32,918,0
26.64,70.55,5599.43,6,21.69,21,24.77,1306,0
26.45,54.96,4108.56,10,35.1,27,24.45,942,0
44.06,28.73,2264.92,9,49.15,24,31.97,825,0
25.63,58.9,3536.11,9,46.13,19,21.34,1271,0
32.8,51.03,3662.39,10,60.69,29,25.07,1120,0
41.21,68.39,4266.19,10,45.28,31,19.89,1005,1
27.15,86.53,5873.7,6,26.97,32,17.75,1609,0
29.81,61.08,4062.45,6,41.52,10,24.42,874,0
31.72,88.3,5850.24,7,41.4,30,17.07,1377,0
28.29,64.16,3553.8,7,29.47,24,19.59,875,0
24.8,48.71,2559.26,10,36.9,45,20.35,1341,0
67.06,61.49,5794.22,10,53.67,35,31.05,1322,1
32.78,50.07,2813.28,7,37.43,23,23.67,659,0
64.66,98.54,3284.12,3,32.92,39,6.6,610,1
27.42,51.02,3249.6,10,25.88,37,22.53,772,0
21.04,64.83,3036.11,10,36.89,26,15.62,990,0
26.06,88.94,5696.3,5,35.9,30,16.43,1397,0
17.35,82.14,4427.9,7,19.27,34,12.87,1319,0
17.63,65.96,4241.6,10,44.27,21,19.49,1285,0
34.4,54.48,3142.15,10,47.36,37,21.3,1293,1
28.02,91.88,4427.65,8,23.89,29,9.4,855,0
18.66,94.18,5424.12,9,41.08,43,9.89,452,1
21.58,80.34,4537.03,6,39.07,14,16.43,1368,0
38.2,88.85,6436.07,8,67.14,27,19.65,1159,0
36.72,54.1,1503.12,7,57.54,43,16.14,812,1
23.5,81.56,5779.77,8,58.39,22,19.43,1324,0
33.07,92.91,4187.57,12,49.54,8,8.39,1071,0
26.68,84.04,4056.19,10,44.53,31,10.58,1097,0
31.24,87.8,5436.5,9,43.66,19,15.8,1100,0
26.03,60.43,2703.27,9,40.46,11,17.97,1157,0
44.97,53.88,2848.43,9,37.17,40,21.47,1548,1
44.9,55.92,2517.6,7,31.72,42,19.98,977,1
28.18,53.31,1301.01,9,39.63,26,15.35,1485,0
10.98,100.91,6097.76,9,44.49,41,8.96,1365,1
17.75,95.63,5782.09,4,26.06,40,12.44,1545,1
36.72,95.37,5147.9,10,48.92,9,11.84,1577,0
29.59,52.87,2599.05,8,53.6,22,21.2,1040,0
55.63,68.31,2975.54,6,41.29,40,17.18,888,1
11.45,78.45,3361.24,8,45.58,33,9.68,928,0
29.91,40.85,1960.79,9,53.75,42,22.47,1040,1
31.31,34.23,1058.4,8,56.23,46,22.63,768,1
41.86,43.47,3964.92,7,38.34,40,30.97,1211,0
21.97,84.45,5002.19,7,50.52,33,14.44,534,0
27.36,56.91,2508.8,10,34.18,19,18.25,1010,0
42.99,53.72,4075.3,10,7.93,36,25.87,559,1
32.72,48.97,2912.07,8,30.33,29,24.06,1544,0
36.31,45.06,2458.69,8,27.78,23,24.89,1427,0
22.22,74.22,4782.85,7,37.36,21,19.34,1235,0
26.85,91.53,4645.23,7,68.82,32,10.52,1078,0
37.92,62.11,4055.54,11,20.17,20,22.09,754,1
19.67,90.24,5754.16,6,20.95,35,14.65,1385,1
36.06,74.65,2785.86,9,61.6,32,11.47,886,1
30.14,58.7,2958.44,9,36.13,24,19.49,1035,0
54.89,71.56,4821.02,9,67.01,34,22.06,769,1
15.8,89.48,4309.33,6,33.43,35,9.29,1296,0
26.49,57.12,3542.64,9,50.18,41,20.73,805,0
50.0,46.33,3780.54,9,54.51,40,28.8,1260,1
45.23,62.66,3582.36,8,51.08,37,20.65,1025,1
27.48,64.3,2834.9,7,39.81,14,17.48,381,0
27.1,58.38,4779.99,9,50.59,20,26.48,561,0
30.49,85.37,6369.68,7,42.05,41,19.68,1143,1
19.52,72.05,5228.54,8,48.1,24,21.2,1538,0
23.39,85.92,6500.51,9,55.97,36,18.77,945,1
48.98,38.21,2710.92,8,50.17,44,28.73,1227,1
34.09,51.41,2151.88,7,34.98,29,20.34,1103,0
39.41,63.94,1473.4,7,20.4,41,11.8,587,1
18.12,86.76,3576.66,8,48.6,24,7.93,706,0
16.7,54.71,2293.26,12,36.23,34,15.7,934,0
26.58,64.2,3891.61,8,29.88,23,20.45,772,0
23.14,60.67,1595.49,6,56.57,30,13.44,1235,0
19.61,69.23,4720.97,10,52.08,17,20.32,1077,0
43.91,83.47,3759.45,8,32.44,34,11.89,1099,1
33.75,42.39,2415.11,10,34.49,21,24.96,1389,0
25.48,89.69,4448.04,9,55.54,22,10.26,996,0
23.17,55.91,4618.67,11,59.93,28,25.5,1161,0
39.85,92.95,6771.93,5,52.5,37,19.53,1435,0
46.37,38.56,3874.98,11,34.71,39,32.02,1458,1
29.84,51.83,2505.49,9,28.39,19,21.15,738,0
33.49,57.13,3744.31,9,46.28,13,24.25,773,0
20.92,91.7,2648.26,13,55.42,10,1.76,1156,0
17.42,63.82,2628.6,9,22.14,34,13.72,1529,0
25.55,56.31,3803.5,10,30.67,38,22.1,1028,0
39.66,43.49,1922.22,8,63.3,13,24.45,1357,0
21.06,76.86,3978.95,6,29.26,12,15.73,1230,0
43.78,73.91,2644.0,7,40.14,38,12.32,518,1
27.36,84.33,5550.18,7,47.43,36,16.97,805,0
7.68,94.44,4630.97,4,53.76,25,8.8,809,1
65.01,66.03,2977.91,6,44.16,43,19.07,980,1
28.05,55.16,3912.33,9,36.36,17,24.85,723,0
29.47,87.51,5630.76,9,35.57,22,16.44,1144,0
24.6,53.15,2903.76,11,41.82,11,21.35,1155,0
18.45,85.52,4532.43,6,36.51,36,12.22,718,0
13.44,95.72,4157.62,7,33.77,33,5.34,1029,1
33.04,47.12,1612.17,7,39.04,18,20.86,1179,0
34.17,85.94,6471.01,8,37.01,29,20.48,815,0
29.39,57.78,1881.03,7,59.55,24,16.29,1465,0
14.04,87.74,4618.69,4,62.05,29,12.28,1444,0
20.6,61.78,2596.45,10,58.43,33,14.82,1414,0
26.91,88.68,4132.94,9,35.49,43,8.36,1565,1
21.5,45.93,3960.93,12,47.23,33,26.61,1147,1
26.14,82.39,5338.31,8,37.94,27,17.27,1196,0
33.39,62.83,3898.97,8,38.08,10,22.6,1034,0
25.91,65.98,4629.01,9,46.65,20,22.32,513,0
20.9,91.12,4205.65,7,34.91,23,8.91,624,0
36.58,52.14,3810.48,7,42.02,18,27.16,1023,0
32.41,85.67,6465.81,6,39.48,35,20.68,493,0
20.33,93.13,8000.0,9,33.31,44,20.28,887,1
31.01,49.3,3020.68,10,22.85,37,22.76,1163,1
20.9,63.38,2121.86,9,37.47,9,14.14,825,0
22.13,88.1,4745.32,9,39.63,37,10.93,930,1
24.44,65.91,3415.98,9,35.62,19,17.66,1033,0
29.79,86.74,5515.6,7,35.17,30,16.21,1067,0
28.3,95.13,5509.42,6,13.2,24,13.19,996,0
33.69,91.61,4563.95,11,30.21,15,10.33,1075,0
35.04,76.6,4503.29,9,53.05,37,16.43,1108,1
28.44,93.91,5382.16,7,33.32,12,13.5,866,1
31.08,78.49,6382.67,8,74.83,32,23.26,576,1
27.73,46.5,3169.07,10,28.02,38,24.15,1424,0
50.17,77.15,3875.91,10,47.25,53,13.72,939,1
15.94,79.84,3966.01,8,28.02,18,13.02,1028,0
31.85,66.59,3835.3,6,53.76,27,20.26,1386,0
24.31,54.44,2910.57,8,27.15,25,20.9,640,0
33.95,97.57,5726.21,7,53.66,22,13.16,857,0
17.61,91.44,3567.12,9,29.43,20,5.84,1102,0
33.06,33.1,2170.09,10,48.51,42,27.0,1199,1
25.79,62.68,4288.71,9,25.95,21,22.5,1198,0
23.05,84.51,5088.15,6,47.55,36,15.07,942,0
65.97,91.25,4149.58,6,47.01,36,12.35,564,1
60.1,68.16,4617.1,8,21.78,37,23.53,819,1
29.98,60.71,3038.51,7,37.2,18,19.71,1333,0
22.27,39.45,1439.74,9,38.49,42,20.53,1361,1
34.9,93.43,5424.71,8,63.08,21,13.81,1414,0
67.43,72.48,4513.84,8,56.6,37,21.87,1467,1
59.37,69.58,2245.7,4,49.97,43,14.68,1120,1
55.48,72.72,3556.3,7,64.74,38,17.28,1791,1
23.79,80.38,6364.02,7,49.9,7,23.4,767,0
25.05,68.0,5053.04,9,69.08,16,22.99,795,0
8.71,81.75,4150.09,10,41.62,37,10.12,1652,0
29.1,87.09,5285.68,8,59.26,27,15.04,1204,0
8.25,97.46,5940.87,7,53.06,31,11.06,1215,1
21.44,81.28,4764.08,8,27.01,30,14.81,592,0
38.99,83.97,5683.98,11,39.17,21,18.45,577,0
30.07,91.09,4753.65,8,88.61,26,11.28,1158,0
30.75,59.43,3548.26,8,57.45,23,21.73,1179,0
25.03,90.44,5441.04,5,21.67,31,14.54,1107,0
18.0,66.37,4316.91,10,54.9,40,18.27,1627,0
40.39,78.27,5145.92,11,51.69,46,17.49,1239,1
20.48,69.67,4922.81,7,40.19,23,21.54,588,0
13.7,78.72,4798.45,9,43.36,29,15.21,651,0
32.3,61.47,5110.12,6,52.53,27,27.44,1211,0
32.86,88.3,5819.88,6,41.59,35,17.02,945,0
19.22,94.33,5916.51,7,19.2,41,12.69,1442,1
44.64,58.27,3170.99,8,47.33,39,20.89,1207,1
21.47,84.5,5808.16,6,81.24,16,18.98,1560,0
26.76,44.26,2321.44,12,45.27,19,22.45,1128,0
15.6,76.14,5522.48,5,46.31,48,19.61,704,0
30.65,82.91,5674.47,9,50.85,19,18.8,824,0
11.0,80.83,4280.03,4,50.03,44,12.83,1072,0
40.14,47.96,3344.37,7,21.32,9,28.57,1203,0
21.51,71.14,4491.57,9,42.49,11,19.63,973,0
44.06,77.44,3553.66,7,38.78,35,14.11,1277,1
42.27,89.88,6924.18,7,45.84,33,21.19,910,0
24.79,88.11,7130.56,9,33.92,42,20.06,1530,1
5.28,74.76,5035.05,4,28.11,33,18.58,616,0
28.38,52.85,2536.35,8,33.08,28,20.51,868,0
29.51,54.2,2638.43,10,36.28,20,20.0,1748,0
16.69,100.54,6944.43,4,50.97,44,14.34,716,1
49.54,57.45,3835.69,9,35.76,37,24.07,1485,1
25.85,88.73,4389.84,10,40.49,24,10.03,832,0
31.09,59.01,1903.76,7,74.04,40,14.93,1130,1
25.36,59.99,3137.15,9,45.05,28,18.55,918,0
19.74,66.11,3217.76,6,45.08,40,15.85,1235,0
31.02,56.27,3789.08,9,57.93,20,23.89,1502,0
46.01,91.73,6599.48,8,33.83,27,19.35,1239,0
54.11,46.02,2090.76,7,29.69,45,23.44,804,1
27.39,83.04,4377.39,6,67.01,31,13.72,729,1
36.32,57.91,3555.46,6,26.09,18,24.19,1252,0
39.78,91.71,5142.2,10,49.68,27,12.62,761,0
24.84,79.05,5345.75,10,57.58,24,18.27,891,0
33.52,91.67,6622.4,5,53.97,24,19.77,1561,0
40.6,44.29,1826.44,6,45.49,18,23.97,715,0
45.6,55.45,3289.22,9,47.35,39,22.65,961,1
35.23,73.62,4460.81,10,40.56,31,17.99,981,1
30.62,57.91,3945.27,8,69.77,22,24.13,1049,0
33.01,49.68,2361.14,7,50.1,26,22.23,907,0
26.11,82.34,5786.02,7,39.79,26,19.4,820,0
20.42,79.96,4993.73,7,29.39,33,16.44,1347,0
29.23,64.73,4319.52,8,57.11,14,22.69,940,0
24.23,89.14,3830.31,7,47.67,37,8.02,959,1
34.72,46.34,4015.81,9,52.2,31,29.17,1008,0
32.62,88.44,4154.68,10,30.77,51,8.1,1527,1
29.24,53.26,3824.57,10,43.8,27,24.38,703,0
34.51,61.91,3699.71,6,27.63,20,22.51,636,0
28.08,61.88,4674.35,8,43.13,29,24.28,1081,0
20.14,69.83,3534.51,8,61.4,24,16.02,1413,0
51.78,76.62,2572.21,5,48.56,40,11.94,1030,1
13.85,66.98,3356.64,10,59.86,29,14.88,978,0
31.88,88.36,5634.93,8,38.05,19,16.47,1204,0
19.71,83.5,4664.7,7,31.99,34,13.33,1064,0
27.61,60.63,4136.52,8,41.28,27,22.78,824,0
29.07,56.16,3212.42,8,43.48,25,21.66,1409,0
22.03,89.4,5067.65,7,23.64,37,12.25,926,1
15.95,77.49,4574.54,8,40.28,27,15.54,1056,0
27.19,61.67,3788.03,7,50.5,20,21.75,1360,0
14.06,102.03,6625.09,6,60.56,43,11.73,663,1
26.26,66.59,4658.26,8,37.14,13,23.05,1367,0
33.66,54.29,2930.31,7,45.86,23,22.54,1002,0
30.71,92.15,5821.49,6,38.94,18,16.14,454,0
64.53,74.74,3930.6,6,42.06,39,18.73,1195,1
31.6,85.76,5194.4,10,65.75,26,14.87,1107,0
29.05,60.12,3570.5,6,52.49,33,21.26,672,0
27.27,89.73,6457.28,3,41.49,48,18.58,1382,0
29.99,55.81,3295.73,8,18.5,22,22.36,838,0
18.13,84.64,5283.29,6,51.06,19,16.33,1193,0
69.18,74.18,3268.27,4,48.67,42,17.43,649,1
43.95,50.91,3380.3,5,37.22,29,26.77,1364,0
36.03,46.01,1957.85,7,25.15,20,23.0,1205,0
40.25,42.94,2602.76,8,49.2,19,26.81,971,0
34.52,99.5,4065.89,9,48.4,16,5.55,994,0
30.87,60.64,4938.17,9,44.97,15,26.59,1377,0
23.73,53.15,2025.36,9,68.41,40,16.7,955,0
24.68,85.44,3958.66,11,57.44,27,9.57,1715,0
48.5,47.18,3035.54,4,59.83,17,28.84,1150,0
19.57,77.26,4639.35,7,42.01,21,17.18,489,0
41.11,59.39,3150.14,9,50.91,38,19.95,731,1
27.48,85.4,5662.82,6,49.69,35,17.31,1287,0
34.24,91.01,5917.46,8,63.59,12,17.17,710,0
38.71,92.31,6484.39,7,25.29,19,18.93,1233,0
35.58,97.39,5272.04,10,33.43,8,11.67,1069,0
